Month,Horizon,Standardized Position,New Available - confirmed end,New Available - FY-end (plan),New Available FTE,Cumulative Available (plan),Cumulative Available (risk-adjusted),Pipeline Demand Starting,Pipeline Demand FTE,Matched Starting,Cumulative Matched,Surplus Resources After Matching,Unfilled Pipeline (cumulative),Coverage % (cum. matched / cum. demand)
2026-09-01,0-6 months,Application PM,0,0,0.0,0,0.0,0,0.0,0,0,0,0,
2026-10-01,0-6 months,Application PM,0,0,0.0,0,0.0,0,0.0,0,0,0,0,
2026-11-01,0-6 months,Application PM,0,0,0.0,0,0.0,0,0.0,0,0,0,0,
2026-12-01,0-6 months,Application PM,0,0,0.0,0,0.0,0,0.0,0,0,0,0,
2027-01-01,0-6 months,Application PM,0,0,0.0,0,0.0,0,0.0,0,0,0,0,
2027-02-01,0-6 months,Application PM,1,0,0.02,1,1.0,0,0.0,0,0,1,0,
2027-03-01,7-12 months,Application PM,0,0,0.0,1,1.0,0,0.0,0,0,1,0,
2027-04-01,7-12 months,Application PM,0,0,0.0,1,1.0,0,0.0,0,0,1,0,
2027-05-01,7-12 months,Application PM,0,0,0.0,1,1.0,0,0.0,0,0,1,0,
2027-06-01,7-12 months,Application PM,0,0,0.0,1,1.0,0,0.0,0,0,1,0,
2027-07-01,7-12 months,Application PM,0,0,0.0,1,1.0,0,0.0,0,0,1,0,
2027-08-01,7-12 months,Application PM,0,0,0.0,1,1.0,0,0.0,0,0,1,0,
2026-09-01,0-6 months,Backup/Storage Engineer L1,0,0,0.0,0,0.0,0,0.0,0,0,0,0,
2026-10-01,0-6 months,Backup/Storage Engineer L1,0,0,0.0,0,0.0,0,0.0,0,0,0,0,
2026-11-01,0-6 months,Backup/Storage Engineer L1,0,0,0.0,0,0.0,0,0.0,0,0,0,0,
2026-12-01,0-6 months,Backup/Storage Engineer L1,0,0,0.0,0,0.0,0,0.0,0,0,0,0,
2027-01-01,0-6 months,Backup/Storage Engineer L1,0,0,0.0,0,0.0,0,0.0,0,0,0,0,
2027-02-01,0-6 months,Backup/Storage Engineer L1,0,0,0.0,0,0.0,0,0.0,0,0,0,0,
2027-03-01,7-12 months,Backup/Storage Engineer L1,0,0,0.0,0,0.0,0,0.0,0,0,0,0,
2027-04-01,7-12 months,Backup/Storage Engineer L1,0,1,1.0,1,0.2,0,0.0,0,0,1,0,
2027-05-01,7-12 months,Backup/Storage Engineer L1,0,0,0.0,1,0.2,0,0.0,0,0,1,0,
2027-06-01,7-12 months,Backup/Storage Engineer L1,0,0,0.0,1,0.2,0,0.0,0,0,1,0,
2027-07-01,7-12 months,Backup/Storage Engineer L1,0,0,0.0,1,0.2,0,0.0,0,0,1,0,
2027-08-01,7-12 months,Backup/Storage Engineer L1,0,0,0.0,1,0.2,0,0.0,0,0,1,0,
2026-09-01,0-6 months,Backup/Storage Engineer L2,2,0,0.36,2,2.0,0,0.0,0,0,2,0,
2026-10-01,0-6 months,Backup/Storage Engineer L2,0,0,0.0,2,2.0,0,0.0,1,1,1,-1,
2026-11-01,0-6 months,Backup/Storage Engineer L2,0,0,0.0,2,2.0,0,0.0,0,1,1,-1,
2026-12-01,0-6 months,Backup/Storage Engineer L2,0,0,0.0,2,2.0,0,0.0,0,1,1,-1,
2027-01-01,0-6 months,Backup/Storage Engineer L2,0,0,0.0,2,2.0,0,0.0,0,1,1,-1,
2027-02-01,0-6 months,Backup/Storage Engineer L2,0,0,0.0,2,2.0,0,0.0,0,1,1,-1,
2027-03-01,7-12 months,Backup/Storage Engineer L2,0,0,0.0,2,2.0,0,0.0,0,1,1,-1,
2027-04-01,7-12 months,Backup/Storage Engineer L2,0,10,6.21,12,4.0,0,0.0,0,1,11,-1,
2027-05-01,7-12 months,Backup/Storage Engineer L2,0,0,0.0,12,4.0,0,0.0,0,1,11,-1,
2027-06-01,7-12 months,Backup/Storage Engineer L2,0,0,0.0,12,4.0,0,0.0,0,1,11,-1,
2027-07-01,7-12 months,Backup/Storage Engineer L2,0,0,0.0,12,4.0,0,0.0,0,1,11,-1,
2027-08-01,7-12 months,Backup/Storage Engineer L2,0,0,0.0,12,4.0,0,0.0,0,1,11,-1,
2026-09-01,0-6 months,Backup/Storage Engineer L3,0,0,0.0,0,0.0,0,0.0,0,0,0,0,
2026-10-01,0-6 months,Backup/Storage Engineer L3,0,0,0.0,0,0.0,0,0.0,0,0,0,0,
2026-11-01,0-6 months,Backup/Storage Engineer L3,0,0,0.0,0,0.0,0,0.0,0,0,0,0,
2026-12-01,0-6 months,Backup/Storage Engineer L3,0,0,0.0,0,0.0,0,0.0,0,0,0,0,
2027-01-01,0-6 months,Backup/Storage Engineer L3,0,0,0.0,0,0.0,0,0.0,0,0,0,0,
2027-02-01,0-6 months,Backup/Storage Engineer L3,0,0,0.0,0,0.0,0,0.0,0,0,0,0,
2027-03-01,7-12 months,Backup/Storage Engineer L3,0,0,0.0,0,0.0,0,0.0,0,0,0,0,
2027-04-01,7-12 months,Backup/Storage Engineer L3,0,1,0.5,1,0.2,0,0.0,0,0,1,0,
2027-05-01,7-12 months,Backup/Storage Engineer L3,0,0,0.0,1,0.2,0,0.0,0,0,1,0,
2027-06-01,7-12 months,Backup/Storage Engineer L3,0,0,0.0,1,0.2,0,0.0,0,0,1,0,
2027-07-01,7-12 months,Backup/Storage Engineer L3,0,0,0.0,1,0.2,0,0.0,0,0,1,0,
2027-08-01,7-12 months,Backup/Storage Engineer L3,0,0,0.0,1,0.2,0,0.0,0,0,1,0,
2026-09-01,0-6 months,Business Analyst,4,0,1.67,4,4.0,0,0.0,1,1,3,-1,
2026-10-01,0-6 months,Business Analyst,0,0,0.0,4,4.0,0,0.0,0,1,3,-1,
2026-11-01,0-6 months,Business Analyst,0,0,0.0,4,4.0,0,0.0,0,1,3,-1,
2026-12-01,0-6 months,Business Analyst,0,0,0.0,4,4.0,0,0.0,0,1,3,-1,
2027-01-01,0-6 months,Business Analyst,0,0,0.0,4,4.0,0,0.0,0,1,3,-1,
2027-02-01,0-6 months,Business Analyst,0,0,0.0,4,4.0,0,0.0,0,1,3,-1,
2027-03-01,7-12 months,Business Analyst,0,0,0.0,4,4.0,0,0.0,0,1,3,-1,
2027-04-01,7-12 months,Business Analyst,0,1,1.0,5,4.2,0,0.0,0,1,4,-1,
2027-05-01,7-12 months,Business Analyst,0,0,0.0,5,4.2,0,0.0,0,1,4,-1,
2027-06-01,7-12 months,Business Analyst,0,0,0.0,5,4.2,0,0.0,0,1,4,-1,
2027-07-01,7-12 months,Business Analyst,0,0,0.0,5,4.2,0,0.0,0,1,4,-1,
2027-08-01,7-12 months,Business Analyst,0,0,0.0,5,4.2,0,0.0,0,1,4,-1,
2026-09-01,0-6 months,Cloud Architect,1,0,0.09,1,1.0,0,0.0,0,0,1,0,
2026-10-01,0-6 months,Cloud Architect,0,0,0.0,1,1.0,0,0.0,0,0,1,0,
2026-11-01,0-6 months,Cloud Architect,0,0,0.0,1,1.0,0,0.0,0,0,1,0,
2026-12-01,0-6 months,Cloud Architect,0,0,0.0,1,1.0,0,0.0,0,0,1,0,
2027-01-01,0-6 months,Cloud Architect,0,0,0.0,1,1.0,0,0.0,0,0,1,0,
2027-02-01,0-6 months,Cloud Architect,0,0,0.0,1,1.0,0,0.0,0,0,1,0,
2027-03-01,7-12 months,Cloud Architect,0,0,0.0,1,1.0,0,0.0,0,0,1,0,
2027-04-01,7-12 months,Cloud Architect,0,1,1.0,2,1.2,0,0.0,0,0,2,0,
2027-05-01,7-12 months,Cloud Architect,0,0,0.0,2,1.2,0,0.0,0,0,2,0,
2027-06-01,7-12 months,Cloud Architect,0,0,0.0,2,1.2,0,0.0,0,0,2,0,
2027-07-01,7-12 months,Cloud Architect,0,0,0.0,2,1.2,0,0.0,0,0,2,0,
2027-08-01,7-12 months,Cloud Architect,0,0,0.0,2,1.2,0,0.0,0,0,2,0,
2026-09-01,0-6 months,Cloud DBA L2,0,0,0.0,0,0.0,0,0.0,0,0,0,0,
2026-10-01,0-6 months,Cloud DBA L2,0,0,0.0,0,0.0,0,0.0,0,0,0,0,
2026-11-01,0-6 months,Cloud DBA L2,0,0,0.0,0,0.0,0,0.0,0,0,0,0,
2026-12-01,0-6 months,Cloud DBA L2,0,0,0.0,0,0.0,0,0.0,0,0,0,0,
2027-01-01,0-6 months,Cloud DBA L2,0,0,0.0,0,0.0,0,0.0,0,0,0,0,
2027-02-01,0-6 months,Cloud DBA L2,0,0,0.0,0,0.0,0,0.0,0,0,0,0,
2027-03-01,7-12 months,Cloud DBA L2,0,0,0.0,0,0.0,0,0.0,0,0,0,0,
2027-04-01,7-12 months,Cloud DBA L2,2,0,2.0,2,2.0,0,0.0,0,0,2,0,
2027-05-01,7-12 months,Cloud DBA L2,0,0,0.0,2,2.0,0,0.0,0,0,2,0,
2027-06-01,7-12 months,Cloud DBA L2,0,0,0.0,2,2.0,0,0.0,0,0,2,0,
2027-07-01,7-12 months,Cloud DBA L2,0,0,0.0,2,2.0,0,0.0,0,0,2,0,
2027-08-01,7-12 months,Cloud DBA L2,0,0,0.0,2,2.0,0,0.0,0,0,2,0,
2026-09-01,0-6 months,Cloud Engineer L1,1,0,1.0,1,1.0,3,2.5,1,1,0,2,33.0
2026-10-01,0-6 months,Cloud Engineer L1,2,0,2.0,3,3.0,0,0.0,2,3,0,0,100.0
2026-11-01,0-6 months,Cloud Engineer L1,0,0,0.0,3,3.0,0,0.0,0,3,0,0,100.0
2026-12-01,0-6 months,Cloud Engineer L1,0,0,0.0,3,3.0,0,0.0,0,3,0,0,100.0
2027-01-01,0-6 months,Cloud Engineer L1,0,0,0.0,3,3.0,0,0.0,0,3,0,0,100.0
2027-02-01,0-6 months,Cloud Engineer L1,0,0,0.0,3,3.0,0,0.0,0,3,0,0,100.0
2027-03-01,7-12 months,Cloud Engineer L1,0,0,0.0,3,3.0,0,0.0,0,3,0,0,100.0
2027-04-01,7-12 months,Cloud Engineer L1,0,15,13.6,18,6.0,0,0.0,0,3,15,0,100.0
2027-05-01,7-12 months,Cloud Engineer L1,0,0,0.0,18,6.0,1,1.0,1,4,14,0,100.0
2027-06-01,7-12 months,Cloud Engineer L1,0,0,0.0,18,6.0,0,0.0,0,4,14,0,100.0
2027-07-01,7-12 months,Cloud Engineer L1,0,0,0.0,18,6.0,0,0.0,0,4,14,0,100.0
2027-08-01,7-12 months,Cloud Engineer L1,0,0,0.0,18,6.0,0,0.0,0,4,14,0,100.0
2026-09-01,0-6 months,Cloud Engineer L2,18,0,11.77,18,18.0,4,3.5,4,4,14,0,100.0
2026-10-01,0-6 months,Cloud Engineer L2,0,0,0.0,18,18.0,7,7.0,7,11,7,0,100.0
2026-11-01,0-6 months,Cloud Engineer L2,0,0,0.0,18,18.0,0,0.0,0,11,7,0,100.0
2026-12-01,0-6 months,Cloud Engineer L2,1,0,0.5,19,19.0,0,0.0,0,11,8,0,100.0
2027-01-01,0-6 months,Cloud Engineer L2,1,0,0.1,20,20.0,0,0.0,0,11,9,0,100.0
2027-02-01,0-6 months,Cloud Engineer L2,0,0,0.0,20,20.0,0,0.0,0,11,9,0,100.0
2027-03-01,7-12 months,Cloud Engineer L2,0,0,0.0,20,20.0,0,0.0,0,11,9,0,100.0
2027-04-01,7-12 months,Cloud Engineer L2,2,81,57.92,103,38.2,0,0.0,0,11,92,0,100.0
2027-05-01,7-12 months,Cloud Engineer L2,0,0,0.0,103,38.2,1,1.0,1,12,91,0,100.0
2027-06-01,7-12 months,Cloud Engineer L2,0,0,0.0,103,38.2,0,0.0,0,12,91,0,100.0
2027-07-01,7-12 months,Cloud Engineer L2,0,0,0.0,103,38.2,0,0.0,0,12,91,0,100.0
2027-08-01,7-12 months,Cloud Engineer L2,0,0,0.0,103,38.2,0,0.0,0,12,91,0,100.0
2026-09-01,0-6 months,Cloud Engineer L3,2,0,1.2,2,2.0,1,1.0,1,1,1,0,100.0
2026-10-01,0-6 months,Cloud Engineer L3,0,0,0.0,2,2.0,0,0.0,0,1,1,0,100.0
2026-11-01,0-6 months,Cloud Engineer L3,0,0,0.0,2,2.0,0,0.0,0,1,1,0,100.0
2026-12-01,0-6 months,Cloud Engineer L3,0,0,0.0,2,2.0,0,0.0,0,1,1,0,100.0
2027-01-01,0-6 months,Cloud Engineer L3,2,0,2.0,4,4.0,2,2.0,2,3,1,0,100.0
2027-02-01,0-6 months,Cloud Engineer L3,0,0,0.0,4,4.0,0,0.0,0,3,1,0,100.0
2027-03-01,7-12 months,Cloud Engineer L3,0,0,0.0,4,4.0,0,0.0,0,3,1,0,100.0
2027-04-01,7-12 months,Cloud Engineer L3,0,8,7.2,12,5.6,0,0.0,0,3,9,0,100.0
2027-05-01,7-12 months,Cloud Engineer L3,0,0,0.0,12,5.6,0,0.0,0,3,9,0,100.0
2027-06-01,7-12 months,Cloud Engineer L3,0,0,0.0,12,5.6,0,0.0,0,3,9,0,100.0
2027-07-01,7-12 months,Cloud Engineer L3,0,0,0.0,12,5.6,0,0.0,0,3,9,0,100.0
2027-08-01,7-12 months,Cloud Engineer L3,0,0,0.0,12,5.6,0,0.0,0,3,9,0,100.0
2026-09-01,0-6 months,DBA L2,3,0,0.28,3,3.0,4,1.69,2,2,1,2,50.0
2026-10-01,0-6 months,DBA L2,1,0,1.0,4,4.0,1,1.0,1,3,1,2,60.0
2026-11-01,0-6 months,DBA L2,1,0,0.22,5,5.0,1,1.0,1,4,1,2,67.0
2026-12-01,0-6 months,DBA L2,1,0,0.22,6,6.0,0,0.0,0,4,2,2,67.0
2027-01-01,0-6 months,DBA L2,0,0,0.0,6,6.0,0,0.0,0,4,2,2,67.0
2027-02-01,0-6 months,DBA L2,1,0,0.89,7,7.0,0,0.0,0,4,3,2,67.0
2027-03-01,7-12 months,DBA L2,0,0,0.0,7,7.0,0,0.0,0,4,3,2,67.0
2027-04-01,7-12 months,DBA L2,0,42,32.5,49,15.4,0,0.0,0,4,45,2,67.0
2027-05-01,7-12 months,DBA L2,0,0,0.0,49,15.4,0,0.0,0,4,45,2,67.0
2027-06-01,7-12 months,DBA L2,0,0,0.0,49,15.4,0,0.0,0,4,45,2,67.0
2027-07-01,7-12 months,DBA L2,0,0,0.0,49,15.4,0,0.0,0,4,45,2,67.0
2027-08-01,7-12 months,DBA L2,0,0,0.0,49,15.4,0,0.0,0,4,45,2,67.0
2026-09-01,0-6 months,DBA L3,0,0,0.0,0,0.0,0,0.0,0,0,0,0,
2026-10-01,0-6 months,DBA L3,0,0,0.0,0,0.0,0,0.0,0,0,0,0,
2026-11-01,0-6 months,DBA L3,0,0,0.0,0,0.0,0,0.0,0,0,0,0,
2026-12-01,0-6 months,DBA L3,0,0,0.0,0,0.0,0,0.0,0,0,0,0,
2027-01-01,0-6 months,DBA L3,0,0,0.0,0,0.0,0,0.0,0,0,0,0,
2027-02-01,0-6 months,DBA L3,0,0,0.0,0,0.0,0,0.0,0,0,0,0,
2027-03-01,7-12 months,DBA L3,0,0,0.0,0,0.0,0,0.0,0,0,0,0,
2027-04-01,7-12 months,DBA L3,0,2,1.5,2,0.4,0,0.0,0,0,2,0,
2027-05-01,7-12 months,DBA L3,0,0,0.0,2,0.4,0,0.0,0,0,2,0,
2027-06-01,7-12 months,DBA L3,0,0,0.0,2,0.4,0,0.0,0,0,2,0,
2027-07-01,7-12 months,DBA L3,0,0,0.0,2,0.4,0,0.0,0,0,2,0,
2027-08-01,7-12 months,DBA L3,0,0,0.0,2,0.4,0,0.0,0,0,2,0,
2026-09-01,0-6 months,DCOps,13,0,11.89,13,13.0,4,4.0,5,5,8,-1,125.0
2026-10-01,0-6 months,DCOps,1,0,1.0,14,14.0,2,1.25,2,7,7,-1,117.0
2026-11-01,0-6 months,DCOps,0,0,0.0,14,14.0,0,0.0,0,7,7,-1,117.0
2026-12-01,0-6 months,DCOps,0,0,0.0,14,14.0,0,0.0,0,7,7,-1,117.0
2027-01-01,0-6 months,DCOps,0,0,0.0,14,14.0,0,0.0,0,7,7,-1,117.0
2027-02-01,0-6 months,DCOps,1,0,0.42,15,15.0,0,0.0,0,7,8,-1,117.0
2027-03-01,7-12 months,DCOps,0,0,0.0,15,15.0,0,0.0,0,7,8,-1,117.0
2027-04-01,7-12 months,DCOps,7,142,147.0,164,50.4,0,0.0,0,7,157,-1,117.0
2027-05-01,7-12 months,DCOps,0,0,0.0,164,50.4,2,2.0,2,9,155,-1,112.0
2027-06-01,7-12 months,DCOps,0,0,0.0,164,50.4,0,0.0,0,9,155,-1,112.0
2027-07-01,7-12 months,DCOps,0,0,0.0,164,50.4,0,0.0,0,9,155,-1,112.0
2027-08-01,7-12 months,DCOps,0,0,0.0,164,50.4,0,0.0,0,9,155,-1,112.0
2026-09-01,0-6 months,Data Analyst,2,0,1.5,2,2.0,0,0.0,0,0,2,0,
2026-10-01,0-6 months,Data Analyst,0,0,0.0,2,2.0,1,1.0,0,0,2,1,0.0
2026-11-01,0-6 months,Data Analyst,0,0,0.0,2,2.0,0,0.0,0,0,2,1,0.0
2026-12-01,0-6 months,Data Analyst,0,0,0.0,2,2.0,0,0.0,0,0,2,1,0.0
2027-01-01,0-6 months,Data Analyst,0,0,0.0,2,2.0,0,0.0,0,0,2,1,0.0
2027-02-01,0-6 months,Data Analyst,0,0,0.0,2,2.0,0,0.0,0,0,2,1,0.0
2027-03-01,7-12 months,Data Analyst,0,0,0.0,2,2.0,0,0.0,0,0,2,1,0.0
2027-04-01,7-12 months,Data Analyst,0,9,9.0,11,3.8,0,0.0,0,0,11,1,0.0
2027-05-01,7-12 months,Data Analyst,0,0,0.0,11,3.8,0,0.0,0,0,11,1,0.0
2027-06-01,7-12 months,Data Analyst,0,0,0.0,11,3.8,0,0.0,0,0,11,1,0.0
2027-07-01,7-12 months,Data Analyst,0,0,0.0,11,3.8,0,0.0,0,0,11,1,0.0
2027-08-01,7-12 months,Data Analyst,0,0,0.0,11,3.8,0,0.0,0,0,11,1,0.0
2026-09-01,0-6 months,FinOps Engineer,0,0,0.0,0,0.0,0,0.0,0,0,0,0,
2026-10-01,0-6 months,FinOps Engineer,0,0,0.0,0,0.0,0,0.0,0,0,0,0,
2026-11-01,0-6 months,FinOps Engineer,0,0,0.0,0,0.0,0,0.0,0,0,0,0,
2026-12-01,0-6 months,FinOps Engineer,0,0,0.0,0,0.0,0,0.0,0,0,0,0,
2027-01-01,0-6 months,FinOps Engineer,0,0,0.0,0,0.0,0,0.0,0,0,0,0,
2027-02-01,0-6 months,FinOps Engineer,0,0,0.0,0,0.0,0,0.0,0,0,0,0,
2027-03-01,7-12 months,FinOps Engineer,0,0,0.0,0,0.0,0,0.0,0,0,0,0,
2027-04-01,7-12 months,FinOps Engineer,0,1,1.0,1,0.2,0,0.0,0,0,1,0,
2027-05-01,7-12 months,FinOps Engineer,0,0,0.0,1,0.2,0,0.0,0,0,1,0,
2027-06-01,7-12 months,FinOps Engineer,0,0,0.0,1,0.2,0,0.0,0,0,1,0,
2027-07-01,7-12 months,FinOps Engineer,0,0,0.0,1,0.2,0,0.0,0,0,1,0,
2027-08-01,7-12 months,FinOps Engineer,0,0,0.0,1,0.2,0,0.0,0,0,1,0,
2026-09-01,0-6 months,Full Stack Engineer,2,0,2.22,2,2.0,0,0.0,0,0,2,0,
2026-10-01,0-6 months,Full Stack Engineer,0,0,0.0,2,2.0,0,0.0,0,0,2,0,
2026-11-01,0-6 months,Full Stack Engineer,0,0,0.0,2,2.0,1,0.28,0,0,2,1,0.0
2026-12-01,0-6 months,Full Stack Engineer,0,0,0.0,2,2.0,0,0.0,0,0,2,1,0.0
2027-01-01,0-6 months,Full Stack Engineer,1,0,0.28,3,3.0,0,0.0,0,0,3,1,0.0
2027-02-01,0-6 months,Full Stack Engineer,0,0,0.0,3,3.0,0,0.0,0,0,3,1,0.0
2027-03-01,7-12 months,Full Stack Engineer,1,0,1.0,4,4.0,0,0.0,0,0,4,1,0.0
2027-04-01,7-12 months,Full Stack Engineer,0,5,5.0,9,5.0,0,0.0,0,0,9,1,0.0
2027-05-01,7-12 months,Full Stack Engineer,0,0,0.0,9,5.0,0,0.0,0,0,9,1,0.0
2027-06-01,7-12 months,Full Stack Engineer,0,0,0.0,9,5.0,0,0.0,0,0,9,1,0.0
2027-07-01,7-12 months,Full Stack Engineer,0,0,0.0,9,5.0,0,0.0,0,0,9,1,0.0
2027-08-01,7-12 months,Full Stack Engineer,0,0,0.0,9,5.0,0,0.0,0,0,9,1,0.0
2026-09-01,0-6 months,IT Security Mgr,1,0,1.0,1,1.0,1,1.0,1,1,0,0,100.0
2026-10-01,0-6 months,IT Security Mgr,0,0,0.0,1,1.0,0,0.0,0,1,0,0,100.0
2026-11-01,0-6 months,IT Security Mgr,0,0,0.0,1,1.0,0,0.0,0,1,0,0,100.0
2026-12-01,0-6 months,IT Security Mgr,0,0,0.0,1,1.0,0,0.0,0,1,0,0,100.0
2027-01-01,0-6 months,IT Security Mgr,0,0,0.0,1,1.0,0,0.0,0,1,0,0,100.0
2027-02-01,0-6 months,IT Security Mgr,0,0,0.0,1,1.0,0,0.0,0,1,0,0,100.0
2027-03-01,7-12 months,IT Security Mgr,0,0,0.0,1,1.0,0,0.0,0,1,0,0,100.0
2027-04-01,7-12 months,IT Security Mgr,0,6,3.49,7,2.2,0,0.0,0,1,6,0,100.0
2027-05-01,7-12 months,IT Security Mgr,0,0,0.0,7,2.2,0,0.0,0,1,6,0,100.0
2027-06-01,7-12 months,IT Security Mgr,0,0,0.0,7,2.2,0,0.0,0,1,6,0,100.0
2027-07-01,7-12 months,IT Security Mgr,0,0,0.0,7,2.2,0,0.0,0,1,6,0,100.0
2027-08-01,7-12 months,IT Security Mgr,0,0,0.0,7,2.2,0,0.0,0,1,6,0,100.0
2026-09-01,0-6 months,IT Security Officer,17,0,10.89,17,17.0,17,13.72,14,14,3,3,82.0
2026-10-01,0-6 months,IT Security Officer,5,0,1.72,22,22.0,1,1.0,0,14,8,4,78.0
2026-11-01,0-6 months,IT Security Officer,0,0,0.0,22,22.0,0,0.0,0,14,8,4,78.0
2026-12-01,0-6 months,IT Security Officer,3,0,3.0,25,25.0,0,0.0,0,14,11,4,78.0
2027-01-01,0-6 months,IT Security Officer,0,0,0.0,25,25.0,0,0.0,0,14,11,4,78.0
2027-02-01,0-6 months,IT Security Officer,1,0,1.0,26,26.0,0,0.0,0,14,12,4,78.0
2027-03-01,7-12 months,IT Security Officer,0,0,0.0,26,26.0,0,0.0,0,14,12,4,78.0
2027-04-01,7-12 months,IT Security Officer,0,35,32.01,61,33.0,0,0.0,0,14,47,4,78.0
2027-05-01,7-12 months,IT Security Officer,0,0,0.0,61,33.0,6,6.03,4,18,43,6,75.0
2027-06-01,7-12 months,IT Security Officer,0,0,0.0,61,33.0,1,1.03,0,18,43,7,72.0
2027-07-01,7-12 months,IT Security Officer,0,0,0.0,61,33.0,0,0.0,0,18,43,7,72.0
2027-08-01,7-12 months,IT Security Officer,0,0,0.0,61,33.0,0,0.0,0,18,43,7,72.0
2026-09-01,0-6 months,IT Service Mgt Engineer,1,0,0.28,1,1.0,0,0.0,0,0,1,0,
2026-10-01,0-6 months,IT Service Mgt Engineer,1,0,1.0,2,2.0,0,0.0,0,0,2,0,
2026-11-01,0-6 months,IT Service Mgt Engineer,0,0,0.0,2,2.0,0,0.0,0,0,2,0,
2026-12-01,0-6 months,IT Service Mgt Engineer,0,0,0.0,2,2.0,1,1.03,0,0,2,1,0.0
2027-01-01,0-6 months,IT Service Mgt Engineer,1,0,1.03,3,3.0,0,0.0,0,0,3,1,0.0
2027-02-01,0-6 months,IT Service Mgt Engineer,0,0,0.0,3,3.0,0,0.0,0,0,3,1,0.0
2027-03-01,7-12 months,IT Service Mgt Engineer,0,0,0.0,3,3.0,0,0.0,0,0,3,1,0.0
2027-04-01,7-12 months,IT Service Mgt Engineer,0,8,8.03,11,4.6,0,0.0,0,0,11,1,0.0
2027-05-01,7-12 months,IT Service Mgt Engineer,0,0,0.0,11,4.6,0,0.0,0,0,11,1,0.0
2027-06-01,7-12 months,IT Service Mgt Engineer,0,0,0.0,11,4.6,0,0.0,0,0,11,1,0.0
2027-07-01,7-12 months,IT Service Mgt Engineer,0,0,0.0,11,4.6,0,0.0,0,0,11,1,0.0
2027-08-01,7-12 months,IT Service Mgt Engineer,0,0,0.0,11,4.6,0,0.0,0,0,11,1,0.0
2026-09-01,0-6 months,M365 Engineer,0,0,0.0,0,0.0,0,0.0,0,0,0,0,
2026-10-01,0-6 months,M365 Engineer,0,0,0.0,0,0.0,0,0.0,0,0,0,0,
2026-11-01,0-6 months,M365 Engineer,0,0,0.0,0,0.0,0,0.0,0,0,0,0,
2026-12-01,0-6 months,M365 Engineer,0,0,0.0,0,0.0,0,0.0,0,0,0,0,
2027-01-01,0-6 months,M365 Engineer,0,0,0.0,0,0.0,0,0.0,0,0,0,0,
2027-02-01,0-6 months,M365 Engineer,0,0,0.0,0,0.0,0,0.0,0,0,0,0,
2027-03-01,7-12 months,M365 Engineer,0,0,0.0,0,0.0,0,0.0,0,0,0,0,
2027-04-01,7-12 months,M365 Engineer,0,1,1.0,1,0.2,0,0.0,0,0,1,0,
2027-05-01,7-12 months,M365 Engineer,0,0,0.0,1,0.2,0,0.0,0,0,1,0,
2027-06-01,7-12 months,M365 Engineer,0,0,0.0,1,0.2,0,0.0,0,0,1,0,
2027-07-01,7-12 months,M365 Engineer,0,0,0.0,1,0.2,0,0.0,0,0,1,0,
2027-08-01,7-12 months,M365 Engineer,0,0,0.0,1,0.2,0,0.0,0,0,1,0,
2026-09-01,0-6 months,Mobile/Desktop Engineer,36,0,36.0,36,36.0,3,3.0,4,4,32,-1,133.0
2026-10-01,0-6 months,Mobile/Desktop Engineer,0,0,0.0,36,36.0,1,1.0,0,4,32,0,100.0
2026-11-01,0-6 months,Mobile/Desktop Engineer,0,0,0.0,36,36.0,0,0.0,0,4,32,0,100.0
2026-12-01,0-6 months,Mobile/Desktop Engineer,0,0,0.0,36,36.0,0,0.0,0,4,32,0,100.0
2027-01-01,0-6 months,Mobile/Desktop Engineer,0,0,0.0,36,36.0,0,0.0,0,4,32,0,100.0
2027-02-01,0-6 months,Mobile/Desktop Engineer,0,0,0.0,36,36.0,0,0.0,0,4,32,0,100.0
2027-03-01,7-12 months,Mobile/Desktop Engineer,0,0,0.0,36,36.0,0,0.0,0,4,32,0,100.0
2027-04-01,7-12 months,Mobile/Desktop Engineer,2,17,19.0,55,41.4,0,0.0,0,4,51,0,100.0
2027-05-01,7-12 months,Mobile/Desktop Engineer,0,0,0.0,55,41.4,8,8.0,6,10,45,2,83.0
2027-06-01,7-12 months,Mobile/Desktop Engineer,0,0,0.0,55,41.4,0,0.0,0,10,45,2,83.0
2027-07-01,7-12 months,Mobile/Desktop Engineer,0,0,0.0,55,41.4,0,0.0,0,10,45,2,83.0
2027-08-01,7-12 months,Mobile/Desktop Engineer,0,0,0.0,55,41.4,0,0.0,0,10,45,2,83.0
2026-09-01,0-6 months,Network Engineer L1,2,0,1.22,2,2.0,1,1.0,2,2,0,-1,200.0
2026-10-01,0-6 months,Network Engineer L1,1,0,0.5,3,3.0,0,0.0,0,2,1,-1,200.0
2026-11-01,0-6 months,Network Engineer L1,0,0,0.0,3,3.0,0,0.0,0,2,1,-1,200.0
2026-12-01,0-6 months,Network Engineer L1,0,0,0.0,3,3.0,0,0.0,0,2,1,-1,200.0
2027-01-01,0-6 months,Network Engineer L1,0,0,0.0,3,3.0,0,0.0,0,2,1,-1,200.0
2027-02-01,0-6 months,Network Engineer L1,0,0,0.0,3,3.0,0,0.0,0,2,1,-1,200.0
2027-03-01,7-12 months,Network Engineer L1,0,0,0.0,3,3.0,0,0.0,0,2,1,-1,200.0
2027-04-01,7-12 months,Network Engineer L1,1,38,37.5,42,11.6,0,0.0,0,2,40,-1,200.0
2027-05-01,7-12 months,Network Engineer L1,0,0,0.0,42,11.6,0,0.0,1,3,39,-2,300.0
2027-06-01,7-12 months,Network Engineer L1,0,0,0.0,42,11.6,0,0.0,0,3,39,-2,300.0
2027-07-01,7-12 months,Network Engineer L1,0,0,0.0,42,11.6,0,0.0,0,3,39,-2,300.0
2027-08-01,7-12 months,Network Engineer L1,0,0,0.0,42,11.6,0,0.0,0,3,39,-2,300.0
2026-09-01,0-6 months,Network Engineer L2,5,0,4.13,5,5.0,4,3.44,4,4,1,0,100.0
2026-10-01,0-6 months,Network Engineer L2,1,0,0.28,6,6.0,0,0.0,0,4,2,0,100.0
2026-11-01,0-6 months,Network Engineer L2,1,0,0.5,7,7.0,0,0.0,0,4,3,0,100.0
2026-12-01,0-6 months,Network Engineer L2,0,0,0.0,7,7.0,0,0.0,0,4,3,0,100.0
2027-01-01,0-6 months,Network Engineer L2,0,0,0.0,7,7.0,0,0.0,0,4,3,0,100.0
2027-02-01,0-6 months,Network Engineer L2,0,0,0.0,7,7.0,0,0.0,0,4,3,0,100.0
2027-03-01,7-12 months,Network Engineer L2,0,0,0.0,7,7.0,0,0.0,0,4,3,0,100.0
2027-04-01,7-12 months,Network Engineer L2,1,60,57.04,68,20.0,0,0.0,0,4,64,0,100.0
2027-05-01,7-12 months,Network Engineer L2,0,0,0.0,68,20.0,0,0.0,0,4,64,0,100.0
2027-06-01,7-12 months,Network Engineer L2,0,0,0.0,68,20.0,0,0.0,0,4,64,0,100.0
2027-07-01,7-12 months,Network Engineer L2,0,0,0.0,68,20.0,0,0.0,0,4,64,0,100.0
2027-08-01,7-12 months,Network Engineer L2,0,0,0.0,68,20.0,0,0.0,0,4,64,0,100.0
2026-09-01,0-6 months,Network Engineer L3,5,0,4.5,5,5.0,0,0.0,0,0,5,0,
2026-10-01,0-6 months,Network Engineer L3,0,0,0.0,5,5.0,0,0.0,0,0,5,0,
2026-11-01,0-6 months,Network Engineer L3,0,0,0.0,5,5.0,0,0.0,0,0,5,0,
2026-12-01,0-6 months,Network Engineer L3,0,0,0.0,5,5.0,0,0.0,0,0,5,0,
2027-01-01,0-6 months,Network Engineer L3,0,0,0.0,5,5.0,0,0.0,0,0,5,0,
2027-02-01,0-6 months,Network Engineer L3,0,0,0.0,5,5.0,0,0.0,0,0,5,0,
2027-03-01,7-12 months,Network Engineer L3,0,0,0.0,5,5.0,0,0.0,0,0,5,0,
2027-04-01,7-12 months,Network Engineer L3,0,14,13.1,19,7.8,0,0.0,0,0,19,0,
2027-05-01,7-12 months,Network Engineer L3,0,0,0.0,19,7.8,0,0.0,0,0,19,0,
2027-06-01,7-12 months,Network Engineer L3,0,0,0.0,19,7.8,0,0.0,0,0,19,0,
2027-07-01,7-12 months,Network Engineer L3,0,0,0.0,19,7.8,0,0.0,0,0,19,0,
2027-08-01,7-12 months,Network Engineer L3,0,0,0.0,19,7.8,0,0.0,0,0,19,0,
2026-09-01,0-6 months,Project Manager,9,0,2.84,9,9.0,1,0.06,1,1,8,0,100.0
2026-10-01,0-6 months,Project Manager,0,0,0.0,9,9.0,0,0.0,0,1,8,0,100.0
2026-11-01,0-6 months,Project Manager,0,0,0.0,9,9.0,0,0.0,0,1,8,0,100.0
2026-12-01,0-6 months,Project Manager,2,0,1.06,11,11.0,0,0.0,0,1,10,0,100.0
2027-01-01,0-6 months,Project Manager,1,0,1.0,12,12.0,0,0.0,0,1,11,0,100.0
2027-02-01,0-6 months,Project Manager,2,0,2.0,14,14.0,0,0.0,0,1,13,0,100.0
2027-03-01,7-12 months,Project Manager,0,0,0.0,14,14.0,0,0.0,0,1,13,0,100.0
2027-04-01,7-12 months,Project Manager,0,36,27.47,50,21.2,0,0.0,0,1,49,0,100.0
2027-05-01,7-12 months,Project Manager,0,0,0.0,50,21.2,0,0.0,0,1,49,0,100.0
2027-06-01,7-12 months,Project Manager,0,0,0.0,50,21.2,0,0.0,0,1,49,0,100.0
2027-07-01,7-12 months,Project Manager,0,0,0.0,50,21.2,0,0.0,0,1,49,0,100.0
2027-08-01,7-12 months,Project Manager,0,0,0.0,50,21.2,0,0.0,0,1,49,0,100.0
2026-09-01,0-6 months,SDD,5,0,1.7,5,5.0,0,0.0,0,0,5,0,
2026-10-01,0-6 months,SDD,2,0,0.66,7,7.0,2,0.35,2,2,5,0,100.0
2026-11-01,0-6 months,SDD,0,0,0.0,7,7.0,0,0.0,0,2,5,0,100.0
2026-12-01,0-6 months,SDD,0,0,0.0,7,7.0,0,0.0,0,2,5,0,100.0
2027-01-01,0-6 months,SDD,0,0,0.0,7,7.0,0,0.0,0,2,5,0,100.0
2027-02-01,0-6 months,SDD,0,0,0.0,7,7.0,0,0.0,0,2,5,0,100.0
2027-03-01,7-12 months,SDD,0,0,0.0,7,7.0,0,0.0,0,2,5,0,100.0
2027-04-01,7-12 months,SDD,1,21,7.34,29,12.2,0,0.0,0,2,27,0,100.0
2027-05-01,7-12 months,SDD,0,0,0.0,29,12.2,1,1.0,1,3,26,0,100.0
2027-06-01,7-12 months,SDD,0,0,0.0,29,12.2,0,0.0,0,3,26,0,100.0
2027-07-01,7-12 months,SDD,0,0,0.0,29,12.2,0,0.0,0,3,26,0,100.0
2027-08-01,7-12 months,SDD,0,0,0.0,29,12.2,0,0.0,0,3,26,0,100.0
2026-09-01,0-6 months,SDM,10,0,9.0,10,10.0,3,2.72,3,3,7,0,100.0
2026-10-01,0-6 months,SDM,2,0,0.56,12,12.0,6,6.0,6,9,3,0,100.0
2026-11-01,0-6 months,SDM,0,0,0.0,12,12.0,0,0.0,0,9,3,0,100.0
2026-12-01,0-6 months,SDM,0,0,0.0,12,12.0,0,0.0,1,10,2,-1,111.0
2027-01-01,0-6 months,SDM,1,0,1.0,13,13.0,1,1.0,1,11,2,-1,110.0
2027-02-01,0-6 months,SDM,0,0,0.0,13,13.0,0,0.0,0,11,2,-1,110.0
2027-03-01,7-12 months,SDM,0,0,0.0,13,13.0,0,0.0,0,11,2,-1,110.0
2027-04-01,7-12 months,SDM,1,43,37.8,57,22.6,0,0.0,0,11,46,-1,110.0
2027-05-01,7-12 months,SDM,0,0,0.0,57,22.6,0,0.0,0,11,46,-1,110.0
2027-06-01,7-12 months,SDM,0,0,0.0,57,22.6,0,0.0,0,11,46,-1,110.0
2027-07-01,7-12 months,SDM,0,0,0.0,57,22.6,0,0.0,0,11,46,-1,110.0
2027-08-01,7-12 months,SDM,0,0,0.0,57,22.6,0,0.0,0,11,46,-1,110.0
2026-09-01,0-6 months,Security Engineer,3,0,3.0,3,3.0,0,0.0,1,1,2,-1,
2026-10-01,0-6 months,Security Engineer,0,0,0.0,3,3.0,0,0.0,0,1,2,-1,
2026-11-01,0-6 months,Security Engineer,0,0,0.0,3,3.0,0,0.0,0,1,2,-1,
2026-12-01,0-6 months,Security Engineer,0,0,0.0,3,3.0,0,0.0,0,1,2,-1,
2027-01-01,0-6 months,Security Engineer,0,0,0.0,3,3.0,0,0.0,0,1,2,-1,
2027-02-01,0-6 months,Security Engineer,0,0,0.0,3,3.0,0,0.0,0,1,2,-1,
2027-03-01,7-12 months,Security Engineer,0,0,0.0,3,3.0,0,0.0,0,1,2,-1,
2027-04-01,7-12 months,Security Engineer,0,1,1.0,4,3.2,0,0.0,0,1,3,-1,
2027-05-01,7-12 months,Security Engineer,0,0,0.0,4,3.2,0,0.0,0,1,3,-1,
2027-06-01,7-12 months,Security Engineer,0,0,0.0,4,3.2,0,0.0,0,1,3,-1,
2027-07-01,7-12 months,Security Engineer,0,0,0.0,4,3.2,0,0.0,0,1,3,-1,
2027-08-01,7-12 months,Security Engineer,0,0,0.0,4,3.2,0,0.0,0,1,3,-1,
2026-09-01,0-6 months,Server Engineer L1,4,0,3.56,4,4.0,1,1.0,1,1,3,0,100.0
2026-10-01,0-6 months,Server Engineer L1,0,0,0.0,4,4.0,4,4.0,2,3,1,2,60.0
2026-11-01,0-6 months,Server Engineer L1,0,0,0.0,4,4.0,0,0.0,0,3,1,2,60.0
2026-12-01,0-6 months,Server Engineer L1,0,0,0.0,4,4.0,0,0.0,0,3,1,2,60.0
2027-01-01,0-6 months,Server Engineer L1,0,0,0.0,4,4.0,0,0.0,0,3,1,2,60.0
2027-02-01,0-6 months,Server Engineer L1,0,0,0.0,4,4.0,0,0.0,0,3,1,2,60.0
2027-03-01,7-12 months,Server Engineer L1,0,0,0.0,4,4.0,0,0.0,0,3,1,2,60.0
2027-04-01,7-12 months,Server Engineer L1,1,34,34.1,39,11.8,0,0.0,0,3,36,2,60.0
2027-05-01,7-12 months,Server Engineer L1,0,0,0.0,39,11.8,2,2.0,2,5,34,2,71.0
2027-06-01,7-12 months,Server Engineer L1,0,0,0.0,39,11.8,0,0.0,0,5,34,2,71.0
2027-07-01,7-12 months,Server Engineer L1,0,0,0.0,39,11.8,0,0.0,0,5,34,2,71.0
2027-08-01,7-12 months,Server Engineer L1,0,0,0.0,39,11.8,0,0.0,0,5,34,2,71.0
2026-09-01,0-6 months,Server Engineer L2,10,0,6.5,10,10.0,5,4.35,4,4,6,1,80.0
2026-10-01,0-6 months,Server Engineer L2,4,0,1.92,14,14.0,5,5.03,5,9,5,1,90.0
2026-11-01,0-6 months,Server Engineer L2,1,0,1.0,15,15.0,3,3.0,3,12,3,1,92.0
2026-12-01,0-6 months,Server Engineer L2,1,0,1.0,16,16.0,0,0.0,0,12,4,1,92.0
2027-01-01,0-6 months,Server Engineer L2,2,0,1.35,18,18.0,0,0.0,0,12,6,1,92.0
2027-02-01,0-6 months,Server Engineer L2,3,0,3.0,21,21.0,0,0.0,0,12,9,1,92.0
2027-03-01,7-12 months,Server Engineer L2,0,0,0.0,21,21.0,0,0.0,0,12,9,1,92.0
2027-04-01,7-12 months,Server Engineer L2,3,99,90.08,123,43.8,0,0.0,0,12,111,1,92.0
2027-05-01,7-12 months,Server Engineer L2,0,0,0.0,123,43.8,0,0.0,0,12,111,1,92.0
2027-06-01,7-12 months,Server Engineer L2,0,0,0.0,123,43.8,0,0.0,0,12,111,1,92.0
2027-07-01,7-12 months,Server Engineer L2,0,0,0.0,123,43.8,0,0.0,0,12,111,1,92.0
2027-08-01,7-12 months,Server Engineer L2,0,0,0.0,123,43.8,0,0.0,0,12,111,1,92.0
2026-09-01,0-6 months,Server Engineer L3,0,0,0.0,0,0.0,0,0.0,0,0,0,0,
2026-10-01,0-6 months,Server Engineer L3,0,0,0.0,0,0.0,0,0.0,0,0,0,0,
2026-11-01,0-6 months,Server Engineer L3,0,0,0.0,0,0.0,0,0.0,0,0,0,0,
2026-12-01,0-6 months,Server Engineer L3,0,0,0.0,0,0.0,0,0.0,0,0,0,0,
2027-01-01,0-6 months,Server Engineer L3,0,0,0.0,0,0.0,0,0.0,0,0,0,0,
2027-02-01,0-6 months,Server Engineer L3,0,0,0.0,0,0.0,0,0.0,0,0,0,0,
2027-03-01,7-12 months,Server Engineer L3,0,0,0.0,0,0.0,0,0.0,0,0,0,0,
2027-04-01,7-12 months,Server Engineer L3,0,1,1.0,1,0.2,0,0.0,0,0,1,0,
2027-05-01,7-12 months,Server Engineer L3,0,0,0.0,1,0.2,0,0.0,0,0,1,0,
2027-06-01,7-12 months,Server Engineer L3,0,0,0.0,1,0.2,0,0.0,0,0,1,0,
2027-07-01,7-12 months,Server Engineer L3,0,0,0.0,1,0.2,0,0.0,0,0,1,0,
2027-08-01,7-12 months,Server Engineer L3,0,0,0.0,1,0.2,0,0.0,0,0,1,0,
2026-09-01,0-6 months,Service Desk Agent,21,0,18.93,21,21.0,1,1.0,1,1,20,0,100.0
2026-10-01,0-6 months,Service Desk Agent,0,0,0.0,21,21.0,1,1.0,1,2,19,0,100.0
2026-11-01,0-6 months,Service Desk Agent,0,0,0.0,21,21.0,0,0.0,0,2,19,0,100.0
2026-12-01,0-6 months,Service Desk Agent,1,0,0.5,22,22.0,0,0.0,0,2,20,0,100.0
2027-01-01,0-6 months,Service Desk Agent,0,0,0.0,22,22.0,0,0.0,0,2,20,0,100.0
2027-02-01,0-6 months,Service Desk Agent,0,0,0.0,22,22.0,0,0.0,0,2,20,0,100.0
2027-03-01,7-12 months,Service Desk Agent,0,0,0.0,22,22.0,0,0.0,0,2,20,0,100.0
2027-04-01,7-12 months,Service Desk Agent,0,27,26.13,49,27.4,0,0.0,0,2,47,0,100.0
2027-05-01,7-12 months,Service Desk Agent,0,0,0.0,49,27.4,5,5.0,5,7,42,0,100.0
2027-06-01,7-12 months,Service Desk Agent,0,0,0.0,49,27.4,0,0.0,0,7,42,0,100.0
2027-07-01,7-12 months,Service Desk Agent,0,0,0.0,49,27.4,0,0.0,0,7,42,0,100.0
2027-08-01,7-12 months,Service Desk Agent,0,0,0.0,49,27.4,0,0.0,0,7,42,0,100.0
2026-09-01,0-6 months,Service Desk Lead,1,0,1.0,1,1.0,0,0.0,0,0,1,0,
2026-10-01,0-6 months,Service Desk Lead,0,0,0.0,1,1.0,0,0.0,0,0,1,0,
2026-11-01,0-6 months,Service Desk Lead,0,0,0.0,1,1.0,0,0.0,0,0,1,0,
2026-12-01,0-6 months,Service Desk Lead,0,0,0.0,1,1.0,0,0.0,0,0,1,0,
2027-01-01,0-6 months,Service Desk Lead,0,0,0.0,1,1.0,0,0.0,0,0,1,0,
2027-02-01,0-6 months,Service Desk Lead,0,0,0.0,1,1.0,0,0.0,0,0,1,0,
2027-03-01,7-12 months,Service Desk Lead,0,0,0.0,1,1.0,0,0.0,0,0,1,0,
2027-04-01,7-12 months,Service Desk Lead,0,0,0.0,1,1.0,0,0.0,0,0,1,0,
2027-05-01,7-12 months,Service Desk Lead,0,0,0.0,1,1.0,0,0.0,0,0,1,0,
2027-06-01,7-12 months,Service Desk Lead,0,0,0.0,1,1.0,0,0.0,0,0,1,0,
2027-07-01,7-12 months,Service Desk Lead,0,0,0.0,1,1.0,0,0.0,0,0,1,0,
2027-08-01,7-12 months,Service Desk Lead,0,0,0.0,1,1.0,0,0.0,0,0,1,0,
2026-09-01,0-6 months,Technical Architect,45,0,9.74,45,45.0,12,3.61,12,12,33,0,100.0
2026-10-01,0-6 months,Technical Architect,21,0,4.28,66,66.0,2,0.5,2,14,52,0,100.0
2026-11-01,0-6 months,Technical Architect,11,0,1.89,77,77.0,0,0.0,0,14,63,0,100.0
2026-12-01,0-6 months,Technical Architect,0,0,0.0,77,77.0,0,0.0,0,14,63,0,100.0
2027-01-01,0-6 months,Technical Architect,0,0,0.0,77,77.0,0,0.0,0,14,63,0,100.0
2027-02-01,0-6 months,Technical Architect,0,0,0.0,77,77.0,0,0.0,0,14,63,0,100.0
2027-03-01,7-12 months,Technical Architect,0,0,0.0,77,77.0,0,0.0,0,14,63,0,100.0
2027-04-01,7-12 months,Technical Architect,0,6,6.0,83,78.2,0,0.0,0,14,69,0,100.0
2027-05-01,7-12 months,Technical Architect,0,0,0.0,83,78.2,0,0.0,0,14,69,0,100.0
2027-06-01,7-12 months,Technical Architect,0,0,0.0,83,78.2,0,0.0,0,14,69,0,100.0
2027-07-01,7-12 months,Technical Architect,0,0,0.0,83,78.2,0,0.0,0,14,69,0,100.0
2027-08-01,7-12 months,Technical Architect,0,0,0.0,83,78.2,0,0.0,0,14,69,0,100.0
2026-09-01,0-6 months,Tester/QA,9,0,5.0,9,9.0,0,0.0,1,1,8,-1,
2026-10-01,0-6 months,Tester/QA,0,0,0.0,9,9.0,0,0.0,1,2,7,-2,
2026-11-01,0-6 months,Tester/QA,1,0,1.0,10,10.0,0,0.0,0,2,8,-2,
2026-12-01,0-6 months,Tester/QA,0,0,0.0,10,10.0,0,0.0,0,2,8,-2,
2027-01-01,0-6 months,Tester/QA,0,0,0.0,10,10.0,0,0.0,0,2,8,-2,
2027-02-01,0-6 months,Tester/QA,1,0,1.0,11,11.0,0,0.0,0,2,9,-2,
2027-03-01,7-12 months,Tester/QA,1,0,1.0,12,12.0,0,0.0,0,2,10,-2,
2027-04-01,7-12 months,Tester/QA,0,2,2.0,14,12.4,0,0.0,0,2,12,-2,
2027-05-01,7-12 months,Tester/QA,0,0,0.0,14,12.4,0,0.0,0,2,12,-2,
2027-06-01,7-12 months,Tester/QA,0,0,0.0,14,12.4,0,0.0,0,2,12,-2,
2027-07-01,7-12 months,Tester/QA,0,0,0.0,14,12.4,0,0.0,0,2,12,-2,
2027-08-01,7-12 months,Tester/QA,0,0,0.0,14,12.4,0,0.0,0,2,12,-2,
2026-09-01,0-6 months,Tools Engineer L2 (Observability),1,0,0.28,1,1.0,0,0.0,0,0,1,0,
2026-10-01,0-6 months,Tools Engineer L2 (Observability),0,0,0.0,1,1.0,0,0.0,0,0,1,0,
2026-11-01,0-6 months,Tools Engineer L2 (Observability),0,0,0.0,1,1.0,0,0.0,0,0,1,0,
2026-12-01,0-6 months,Tools Engineer L2 (Observability),0,0,0.0,1,1.0,0,0.0,0,0,1,0,
2027-01-01,0-6 months,Tools Engineer L2 (Observability),0,0,0.0,1,1.0,0,0.0,0,0,1,0,
2027-02-01,0-6 months,Tools Engineer L2 (Observability),0,0,0.0,1,1.0,0,0.0,0,0,1,0,
2027-03-01,7-12 months,Tools Engineer L2 (Observability),0,0,0.0,1,1.0,0,0.0,0,0,1,0,
2027-04-01,7-12 months,Tools Engineer L2 (Observability),0,3,3.0,4,1.6,0,0.0,0,0,4,0,
2027-05-01,7-12 months,Tools Engineer L2 (Observability),0,0,0.0,4,1.6,0,0.0,0,0,4,0,
2027-06-01,7-12 months,Tools Engineer L2 (Observability),0,0,0.0,4,1.6,0,0.0,0,0,4,0,
2027-07-01,7-12 months,Tools Engineer L2 (Observability),0,0,0.0,4,1.6,0,0.0,0,0,4,0,
2027-08-01,7-12 months,Tools Engineer L2 (Observability),0,0,0.0,4,1.6,0,0.0,0,0,4,0,
2026-09-01,0-6 months,Tools Engineer L3 (Observability),0,0,0.0,0,0.0,0,0.0,0,0,0,0,
2026-10-01,0-6 months,Tools Engineer L3 (Observability),0,0,0.0,0,0.0,0,0.0,0,0,0,0,
2026-11-01,0-6 months,Tools Engineer L3 (Observability),0,0,0.0,0,0.0,0,0.0,0,0,0,0,
2026-12-01,0-6 months,Tools Engineer L3 (Observability),0,0,0.0,0,0.0,0,0.0,0,0,0,0,
2027-01-01,0-6 months,Tools Engineer L3 (Observability),0,0,0.0,0,0.0,0,0.0,0,0,0,0,
2027-02-01,0-6 months,Tools Engineer L3 (Observability),0,0,0.0,0,0.0,0,0.0,0,0,0,0,
2027-03-01,7-12 months,Tools Engineer L3 (Observability),0,0,0.0,0,0.0,0,0.0,0,0,0,0,
2027-04-01,7-12 months,Tools Engineer L3 (Observability),0,3,2.28,3,0.6,0,0.0,0,0,3,0,
2027-05-01,7-12 months,Tools Engineer L3 (Observability),0,0,0.0,3,0.6,0,0.0,0,0,3,0,
2027-06-01,7-12 months,Tools Engineer L3 (Observability),0,0,0.0,3,0.6,0,0.0,0,0,3,0,
2027-07-01,7-12 months,Tools Engineer L3 (Observability),0,0,0.0,3,0.6,0,0.0,0,0,3,0,
2027-08-01,7-12 months,Tools Engineer L3 (Observability),0,0,0.0,3,0.6,0,0.0,0,0,3,0,
2026-09-01,0-6 months,UNMAPPED - FOR REVIEW,39,0,15.24,39,39.0,7,4.15,5,5,34,2,71.0
2026-10-01,0-6 months,UNMAPPED - FOR REVIEW,12,0,5.54,51,51.0,2,2.0,1,6,45,3,67.0
2026-11-01,0-6 months,UNMAPPED - FOR REVIEW,1,0,1.0,52,52.0,1,0.06,2,8,44,2,80.0
2026-12-01,0-6 months,UNMAPPED - FOR REVIEW,2,0,0.39,54,54.0,1,0.14,0,8,46,3,73.0
2027-01-01,0-6 months,UNMAPPED - FOR REVIEW,4,0,2.37,58,58.0,0,0.0,0,8,50,3,73.0
2027-02-01,0-6 months,UNMAPPED - FOR REVIEW,1,0,0.14,59,59.0,0,0.0,0,8,51,3,73.0
2027-03-01,7-12 months,UNMAPPED - FOR REVIEW,0,0,0.0,59,59.0,0,0.0,0,8,51,3,73.0
2027-04-01,7-12 months,UNMAPPED - FOR REVIEW,1,75,48.32,135,75.0,0,0.0,0,8,127,3,73.0
2027-05-01,7-12 months,UNMAPPED - FOR REVIEW,0,0,0.0,135,75.0,1,1.0,1,9,126,3,75.0
2027-06-01,7-12 months,UNMAPPED - FOR REVIEW,1,0,1.0,136,76.0,0,0.0,0,9,127,3,75.0
2027-07-01,7-12 months,UNMAPPED - FOR REVIEW,0,0,0.0,136,76.0,0,0.0,0,9,127,3,75.0
2027-08-01,7-12 months,UNMAPPED - FOR REVIEW,0,0,0.0,136,76.0,0,0.0,0,9,127,3,75.0
2026-09-01,0-6 months,ALL ROLES,272,0,166.78,272,272.0,72,51.75,68,68,204,4,94.0
2026-10-01,0-6 months,ALL ROLES,53,0,20.45,325,325.0,35,31.13,33,101,224,6,94.0
2026-11-01,0-6 months,ALL ROLES,16,0,5.61,341,341.0,6,4.33,6,107,234,6,95.0
2026-12-01,0-6 months,ALL ROLES,11,0,6.67,352,352.0,2,1.17,1,108,244,7,94.0
2027-01-01,0-6 months,ALL ROLES,13,0,9.12,365,365.0,3,3.0,3,111,254,7,94.0
2027-02-01,0-6 months,ALL ROLES,11,0,8.47,376,376.0,0,0.0,0,111,265,7,94.0
2027-03-01,7-12 months,ALL ROLES,2,0,2.0,378,378.0,0,0.0,0,111,267,7,94.0
2027-04-01,7-12 months,ALL ROLES,22,849,744.11,1249,569.8,0,0.0,0,111,1138,7,94.0
2027-05-01,7-12 months,ALL ROLES,0,0,0.0,1249,569.8,27,27.03,24,135,1114,10,93.0
2027-06-01,7-12 months,ALL ROLES,1,0,1.0,1250,570.8,1,1.03,0,135,1115,11,92.0
2027-07-01,7-12 months,ALL ROLES,0,0,0.0,1250,570.8,0,0.0,0,135,1115,11,92.0
2027-08-01,7-12 months,ALL ROLES,0,0,0.0,1250,570.8,0,0.0,0,135,1115,11,92.0
