Position Name,Position Name Clean,Standardized Position,Std Role Family,Std Level,Std Level Source,Std Position Source,Std Position Status,In Standard Role Sheet
Application PM,Application PM,Application PM,Application PM,,,rule,MAPPED,Y
Application Engineer (L1.5),Application Engineer,Application Support Engineer L1,Application Support Engineer,L1,name,rule,MAPPED,Y
Storage Engineer,Storage Engineer,Backup/Storage Engineer L1,Backup/Storage Engineer,L1,grade_inferred,rule,MAPPED - level inferred from grade,Y
11.  AFM Supreme Court Storage Engineer,AFM Supreme Court Storage Engineer,Backup/Storage Engineer L2,Backup/Storage Engineer,L2,grade_inferred,rule,MAPPED - level inferred from grade,Y
13. Shared Storage Engineer,Shared Storage Engineer,Backup/Storage Engineer L2,Backup/Storage Engineer,L2,grade_inferred,rule,MAPPED - level inferred from grade,Y
Back-up and Storage,Back-up and Storage,Backup/Storage Engineer L2,Backup/Storage Engineer,L2,grade_inferred,rule,MAPPED - level inferred from grade,Y
STORAGE - L2 - BAU,STORAGE - L2 - BAU,Backup/Storage Engineer L2,Backup/Storage Engineer,L2,name,rule,MAPPED,Y
STORAGE - L2-OTE Options - Srinivasan,STORAGE - L2-OTE Options - Srinivasan,Backup/Storage Engineer L2,Backup/Storage Engineer,L2,name,rule,MAPPED,Y
Storage,Storage,Backup/Storage Engineer L2,Backup/Storage Engineer,L2,grade_inferred,rule,MAPPED - level inferred from grade,Y
Storage Engineer - Michael,Storage Engineer - Michael,Backup/Storage Engineer L2,Backup/Storage Engineer,L2,grade_inferred,rule,MAPPED - level inferred from grade,Y
Storage & Backup L3,Storage & Backup L3,Backup/Storage Engineer L3,Backup/Storage Engineer,L3,name_level_not_in_sheet,rule,MAPPED - level kept from name (not in Standard Role sheet),N
Business Analyst,Business Analyst,Business Analyst,Business Analyst,,,rule,MAPPED,Y
Business Analyst and Tester,Business Analyst and Tester,Business Analyst,Business Analyst,,,rule,MAPPED,Y
Cloud Architect,Cloud Architect,Cloud Architect,Cloud Architect,,,rule,MAPPED,Y
Cloud DBA,Cloud DBA,Cloud DBA L2,Cloud DBA,L2,grade_inferred,rule,MAPPED - level inferred from grade,Y
Cloud DBA -2,Cloud DBA -2,Cloud DBA L2,Cloud DBA,L2,grade_inferred,rule,MAPPED - level inferred from grade,Y
03. GCC AWS Windows Cloud Engineer,GCC AWS Windows Cloud Engineer,Cloud Engineer L1,Cloud Engineer,L1,grade_inferred,rule,MAPPED - level inferred from grade,Y
04. GCC Azure Windows Cloud Engineer #1,GCC Azure Windows Cloud Engineer,Cloud Engineer L1,Cloud Engineer,L1,grade_inferred,rule,MAPPED - level inferred from grade,Y
07. GCC+ AWS Windows Cloud Engineer,GCC+ AWS Windows Cloud Engineer,Cloud Engineer L1,Cloud Engineer,L1,grade_inferred,rule,MAPPED - level inferred from grade,Y
09. TFM GCC+ Linux Engineer,TFM GCC+ Linux Engineer,Cloud Engineer L1,Cloud Engineer,L1,grade_inferred,rule,MAPPED - level inferred from grade,Y
AWS Cloud Engineer [KIV] -> Linux Trainee [Han Min -> TatEang for Judiciary],AWS Cloud Engineer -> Linux Trainee,Cloud Engineer L1,Cloud Engineer,L1,name_title,rule,MAPPED - level inferred from title (Senior/Junior),Y
Cloud Engineer - BAU,Cloud Engineer - BAU,Cloud Engineer L1,Cloud Engineer,L1,grade_inferred,rule,MAPPED - level inferred from grade,Y
Cloud Engineer L1,Cloud Engineer L1,Cloud Engineer L1,Cloud Engineer,L1,mapping_sheet,mapping_sheet,MAPPED,Y
Cloud L1,Cloud L1,Cloud Engineer L1,Cloud Engineer,L1,mapping_sheet,mapping_sheet,MAPPED,Y
Cloud L1 (4 Apps Migration),Cloud L1,Cloud Engineer L1,Cloud Engineer,L1,mapping_sheet,mapping_sheet,MAPPED,Y
Cloud Wintel,Cloud Wintel,Cloud Engineer L1,Cloud Engineer,L1,grade_inferred,rule,MAPPED - level inferred from grade,Y
Cloud Wintel Engineer L1,Cloud Wintel Engineer L1,Cloud Engineer L1,Cloud Engineer,L1,name,rule,MAPPED,Y
01. Cloud Shared Services CSP (Day 1),Cloud Shared Services CSP,Cloud Engineer L2,Cloud Engineer,L2,grade_inferred,rule,MAPPED - level inferred from grade,Y
02. TFM GCC Linux Engineer #1,TFM GCC Linux Engineer,Cloud Engineer L2,Cloud Engineer,L2,grade_inferred,rule,MAPPED - level inferred from grade,Y
04. GCC AWS Windows Cloud Engineer (Ashok Kumar),GCC AWS Windows Cloud Engineer,Cloud Engineer L2,Cloud Engineer,L2,grade_inferred,rule,MAPPED - level inferred from grade,Y
05. GCC AWS Linux Cloud Engineer,GCC AWS Linux Cloud Engineer,Cloud Engineer L2,Cloud Engineer,L2,grade_inferred,rule,MAPPED - level inferred from grade,Y
05. GCC Azure Windows Cloud Engineer #2,GCC Azure Windows Cloud Engineer,Cloud Engineer L2,Cloud Engineer,L2,grade_inferred,rule,MAPPED - level inferred from grade,Y
06. TFM Cloud Wintel Engineer,TFM Cloud Wintel Engineer,Cloud Engineer L2,Cloud Engineer,L2,grade_inferred,rule,MAPPED - level inferred from grade,Y
"07. Cloud Shared Services Cloud Engineer (Xavier, Vinoth)",Cloud Shared Services Cloud Engineer,Cloud Engineer L2,Cloud Engineer,L2,grade_inferred,rule,MAPPED - level inferred from grade,Y
08. Cloud Shared Services Engineer,Cloud Shared Services Engineer,Cloud Engineer L2,Cloud Engineer,L2,grade_inferred,rule,MAPPED - level inferred from grade,Y
08. GCC AWS Linux Cloud Engineer,GCC AWS Linux Cloud Engineer,Cloud Engineer L2,Cloud Engineer,L2,grade_inferred,rule,MAPPED - level inferred from grade,Y
09. Cloud Shared Services Engineer (Raja M),Cloud Shared Services Engineer,Cloud Engineer L2,Cloud Engineer,L2,grade_inferred,rule,MAPPED - level inferred from grade,Y
09. TFM GCC+ Linux Engineer (Resigned),TFM GCC+ Linux Engineer,Cloud Engineer L2,Cloud Engineer,L2,grade_inferred,rule,MAPPED - level inferred from grade,Y
10. Cloud Shard Services Cloud Engineer for PARL,Cloud Shard Services Cloud Engineer for PARL,Cloud Engineer L2,Cloud Engineer,L2,grade_inferred,rule,MAPPED - level inferred from grade,Y
10. TFM GCC / GCC+ Engineer (Backfill),TFM GCC / GCC+ Engineer,Cloud Engineer L2,Cloud Engineer,L2,grade_inferred,rule,MAPPED - level inferred from grade,Y
11. Cloud Shared Services - (HRC-20260319003) - Mohamad Nashriq Supports MFA,Cloud Shared Services - - Mohamad Nashriq Supports MFA,Cloud Engineer L2,Cloud Engineer,L2,grade_inferred,rule,MAPPED - level inferred from grade,Y
12. Cloud Shared Services Cloud Engineer: Judiciary HRC - 20251001001,Cloud Shared Services Cloud Engineer: Judiciary - 20251001001,Cloud Engineer L2,Cloud Engineer,L2,grade_inferred,rule,MAPPED - level inferred from grade,Y
28. Linux Cloud Engineer  - HCR2026072701517 - Satham Hussain Mustak Ahamed,Linux Cloud Engineer - - Satham Hussain Mustak Ahamed,Cloud Engineer L2,Cloud Engineer,L2,grade_inferred,rule,MAPPED - level inferred from grade,Y
42. TFM Cloud Engineer (HRC - 20260313009),TFM Cloud Engineer,Cloud Engineer L2,Cloud Engineer,L2,grade_inferred,rule,MAPPED - level inferred from grade,Y
43. TFM Cloud Engineer (HRC - 20260313005) - Sakinah,TFM Cloud Engineer - Sakinah,Cloud Engineer L2,Cloud Engineer,L2,grade_inferred,rule,MAPPED - level inferred from grade,Y
44. TFM Cloud Engineer (HRC - 20260313010),TFM Cloud Engineer,Cloud Engineer L2,Cloud Engineer,L2,grade_inferred,rule,MAPPED - level inferred from grade,Y
45. TFM Cloud Engineer (HRC - 20260313011),TFM Cloud Engineer,Cloud Engineer L2,Cloud Engineer,L2,grade_inferred,rule,MAPPED - level inferred from grade,Y
46. TFM Cloud Engineer (HRC - 20260313012),TFM Cloud Engineer,Cloud Engineer L2,Cloud Engineer,L2,grade_inferred,rule,MAPPED - level inferred from grade,Y
47. TFM Cloud Engineer (HRC - 20260313013),TFM Cloud Engineer,Cloud Engineer L2,Cloud Engineer,L2,grade_inferred,rule,MAPPED - level inferred from grade,Y
BAU AFM+GCC-6,BAU AFM+GCC-6,Cloud Engineer L2,Cloud Engineer,L2,grade_inferred,rule,MAPPED - level inferred from grade,Y
Cloud DD,Cloud DD,Cloud Engineer L2,Cloud Engineer,L2,grade_inferred,rule,MAPPED - level inferred from grade,Y
Cloud Engineer,Cloud Engineer,Cloud Engineer L2,Cloud Engineer,L2,grade_inferred,rule,MAPPED - level inferred from grade,Y
Cloud Engineer - Level 2 - Add Req(1),Cloud Engineer - Level 2 - Add Req,Cloud Engineer L2,Cloud Engineer,L2,name,rule,MAPPED,Y
Cloud Engineer - Level 2 - Add Req.,Cloud Engineer - Level 2 - Add Req.,Cloud Engineer L2,Cloud Engineer,L2,name,rule,MAPPED,Y
Cloud Engineer - PSS,Cloud Engineer - PSS,Cloud Engineer L2,Cloud Engineer,L2,grade_inferred,rule,MAPPED - level inferred from grade,Y
Cloud Engineer - PSS - (1),Cloud Engineer - PSS,Cloud Engineer L2,Cloud Engineer,L2,grade_inferred,rule,MAPPED - level inferred from grade,Y
Cloud Engineer 2,Cloud Engineer 2,Cloud Engineer L2,Cloud Engineer,L2,name_digit,rule,MAPPED,Y
Cloud Engineer L2,Cloud Engineer L2,Cloud Engineer L2,Cloud Engineer,L2,mapping_sheet,mapping_sheet,MAPPED,Y
Cloud Engineer [HQ ADDN],Cloud Engineer,Cloud Engineer L2,Cloud Engineer,L2,grade_inferred,rule,MAPPED - level inferred from grade,Y
Cloud Engineer2,Cloud Engineer2,Cloud Engineer L2,Cloud Engineer,L2,name_digit,rule,MAPPED,Y
Cloud L2,Cloud L2,Cloud Engineer L2,Cloud Engineer,L2,name,rule,MAPPED,Y
Cloud L2 (4 Apps Migration) - 1,Cloud L2 - 1,Cloud Engineer L2,Cloud Engineer,L2,name,rule,MAPPED,Y
Cloud L2 (4 Apps Migration) - 2,Cloud L2 - 2,Cloud Engineer L2,Cloud Engineer,L2,name,rule,MAPPED,Y
Cloud L2 (4 Apps Migration) - 3,Cloud L2 - 3,Cloud Engineer L2,Cloud Engineer,L2,name,rule,MAPPED,Y
Cloud L2 (4 Apps Migration) - 4,Cloud L2 - 4,Cloud Engineer L2,Cloud Engineer,L2,name,rule,MAPPED,Y
Cloud L2 (GCC+),Cloud L2,Cloud Engineer L2,Cloud Engineer,L2,name,rule,MAPPED,Y
Cloud Linux Engineer L2,Cloud Linux Engineer L2,Cloud Engineer L2,Cloud Engineer,L2,name,rule,MAPPED,Y
Cloud Linux L2,Cloud Linux L2,Cloud Engineer L2,Cloud Engineer,L2,name,rule,MAPPED,Y
Cloud Network Engineer,Cloud Network Engineer,Cloud Engineer L2,Cloud Engineer,L2,grade_inferred,rule,MAPPED - level inferred from grade,Y
Cloud Network Engineer L2,Cloud Network Engineer L2,Cloud Engineer L2,Cloud Engineer,L2,name,rule,MAPPED,Y
Cloud Shared Services - Andrew Teng,Cloud Shared Services - Andrew Teng,Cloud Engineer L2,Cloud Engineer,L2,grade_inferred,rule,MAPPED - level inferred from grade,Y
Cloud Shared Services - Rashid,Cloud Shared Services - Rashid,Cloud Engineer L2,Cloud Engineer,L2,grade_inferred,rule,MAPPED - level inferred from grade,Y
Cloud Wintel Engineer L2,Cloud Wintel Engineer L2,Cloud Engineer L2,Cloud Engineer,L2,name,rule,MAPPED,Y
Cloud Wintel L2,Cloud Wintel L2,Cloud Engineer L2,Cloud Engineer,L2,name,rule,MAPPED,Y
Cloud Wintel L2 - (On-prem + GCC),Cloud Wintel L2,Cloud Engineer L2,Cloud Engineer,L2,name,rule,MAPPED,Y
Cloud Wintel L2 - GCC,Cloud Wintel L2 - GCC,Cloud Engineer L2,Cloud Engineer,L2,name,rule,MAPPED,Y
Day 1 Cloud Director,Day 1 Cloud Director,Cloud Engineer L2,Cloud Engineer,L2,grade_inferred,rule,MAPPED - level inferred from grade,Y
Day 1 Cloud Engineer,Day 1 Cloud Engineer,Cloud Engineer L2,Cloud Engineer,L2,grade_inferred,rule,MAPPED - level inferred from grade,Y
Day 1 Cloud Manager,Day 1 Cloud Manager,Cloud Engineer L2,Cloud Engineer,L2,grade_inferred,rule,MAPPED - level inferred from grade,Y
Linux Cloud Engineer,Linux Cloud Engineer,Cloud Engineer L2,Cloud Engineer,L2,grade_inferred,rule,MAPPED - level inferred from grade,Y
TFM GCC+ Linux Engineer,TFM GCC+ Linux Engineer,Cloud Engineer L2,Cloud Engineer,L2,grade_inferred,rule,MAPPED - level inferred from grade,Y
Wintel Cloud Engineer,Wintel Cloud Engineer,Cloud Engineer L2,Cloud Engineer,L2,grade_inferred,rule,MAPPED - level inferred from grade,Y
03. Cloud Shared Services L3,Cloud Shared Services L3,Cloud Engineer L3,Cloud Engineer,L3,name_level_not_in_sheet,rule,MAPPED - level kept from name (not in Standard Role sheet),N
Cloud Engineer L3,Cloud Engineer L3,Cloud Engineer L3,Cloud Engineer,L3,name_level_not_in_sheet,rule,MAPPED - level kept from name (not in Standard Role sheet),N
Cloud Linux L3,Cloud Linux L3,Cloud Engineer L3,Cloud Engineer,L3,name_level_not_in_sheet,rule,MAPPED - level kept from name (not in Standard Role sheet),N
Cloud Wintel Engineer L3,Cloud Wintel Engineer L3,Cloud Engineer L3,Cloud Engineer,L3,name_level_not_in_sheet,rule,MAPPED - level kept from name (not in Standard Role sheet),N
Senior Cloud Engineer,Senior Cloud Engineer,Cloud Engineer L3,Cloud Engineer,L3,name_title,rule,MAPPED - level inferred from title (Senior/Junior),N
01. ATFM DBA,ATFM DBA,DBA L2,DBA,L2,grade_inferred,rule,MAPPED - level inferred from grade,Y
01. ATFM DBA #2,ATFM DBA,DBA L2,DBA,L2,grade_inferred,rule,MAPPED - level inferred from grade,Y
06. GCC AWS Database Engineer,GCC AWS Database Engineer,DBA L2,DBA,L2,grade_inferred,rule,MAPPED - level inferred from grade,Y
06. GCC Database Engineer (Anthony Replacement),GCC Database Engineer,DBA L2,DBA,L2,grade_inferred,rule,MAPPED - level inferred from grade,Y
07. ATFM DBA,ATFM DBA,DBA L2,DBA,L2,grade_inferred,rule,MAPPED - level inferred from grade,Y
08. ATFM DBA #1,ATFM DBA,DBA L2,DBA,L2,grade_inferred,rule,MAPPED - level inferred from grade,Y
09. Database Admin,Database Admin,DBA L2,DBA,L2,grade_inferred,rule,MAPPED - level inferred from grade,Y
24. ATFM DBA Lead,ATFM DBA Lead,DBA L2,DBA,L2,grade_inferred,rule,MAPPED - level inferred from grade,Y
25. ATFM DBA #1,ATFM DBA,DBA L2,DBA,L2,grade_inferred,rule,MAPPED - level inferred from grade,Y
26. ATFM DBA #2 (50% at Parliament),ATFM DBA,DBA L2,DBA,L2,grade_inferred,rule,MAPPED - level inferred from grade,Y
48. ATFM DBA Cloud Engineer (HRC - 20260313003),ATFM DBA Cloud Engineer,DBA L2,DBA,L2,grade_inferred,rule,MAPPED - level inferred from grade,Y
"Backfill for DBA, Network","Backfill for DBA, Network",DBA L2,DBA,L2,grade_inferred,rule,MAPPED - level inferred from grade,Y
DBA,DBA,DBA L2,DBA,L2,grade_inferred,rule,MAPPED - level inferred from grade,Y
DBA - L2 - 2,DBA - L2 - 2,DBA L2,DBA,L2,name,rule,MAPPED,Y
DBA - L2/ Sharepoint,DBA - L2/ Sharepoint,DBA L2,DBA,L2,name,rule,MAPPED,Y
DBA - Raja,DBA - Raja,DBA L2,DBA,L2,grade_inferred,rule,MAPPED - level inferred from grade,Y
DBA / GCC DBA,DBA / GCC DBA,DBA L2,DBA,L2,grade_inferred,rule,MAPPED - level inferred from grade,Y
DBA / Linux,DBA / Linux,DBA L2,DBA,L2,grade_inferred,rule,MAPPED - level inferred from grade,Y
DBA 1,DBA 1,DBA L2,DBA,L2,grade_inferred,rule,MAPPED - level inferred from grade,Y
DBA 3 - Tufail,DBA 3 - Tufail,DBA L2,DBA,L2,grade_inferred,rule,MAPPED - level inferred from grade,Y
DBA Backfill,DBA Backfill,DBA L2,DBA,L2,grade_inferred,rule,MAPPED - level inferred from grade,Y
DBA L2 (Contract Variation) - ADDITIONAL,DBA L2 - ADDITIONAL,DBA L2,DBA,L2,mapping_sheet,mapping_sheet,MAPPED,Y
DBA L2 - BAU [TFM],DBA L2 - BAU,DBA L2,DBA,L2,mapping_sheet,mapping_sheet,MAPPED,Y
DBA L2- AFM,DBA L2- AFM,DBA L2,DBA,L2,mapping_sheet,mapping_sheet,MAPPED,Y
DBA [Samiyappan Ganesan],DBA,DBA L2,DBA,L2,grade_inferred,rule,MAPPED - level inferred from grade,Y
"DBA/Backup [Medha Tiwari, DOJ 1Apr]",DBA/Backup,DBA L2,DBA,L2,grade_inferred,rule,MAPPED - level inferred from grade,Y
Database Administrator,Database Administrator,DBA L2,DBA,L2,grade_inferred,rule,MAPPED - level inferred from grade,Y
Database Administrator - Transition+BAU,Database Administrator - Transition+BAU,DBA L2,DBA,L2,grade_inferred,rule,MAPPED - level inferred from grade,Y
Database Administrator L2,Database Administrator L2,DBA L2,DBA,L2,name,rule,MAPPED,Y
Database Engineer,Database Engineer,DBA L2,DBA,L2,grade_inferred,rule,MAPPED - level inferred from grade,Y
Database Engineer [HQ ADDN],Database Engineer,DBA L2,DBA,L2,grade_inferred,rule,MAPPED - level inferred from grade,Y
Database administrator - BAU (0.5 SLA),Database administrator - BAU,DBA L2,DBA,L2,grade_inferred,rule,MAPPED - level inferred from grade,Y
DBA L3,DBA L3,DBA L3,DBA,L3,name_level_not_in_sheet,rule,MAPPED - level kept from name (not in Standard Role sheet),N
Database Administrator L3,Database Administrator L3,DBA L3,DBA,L3,name_level_not_in_sheet,rule,MAPPED - level kept from name (not in Standard Role sheet),N
05. AFM IT Admin #1,AFM IT Admin,DCOps,DCOps,,,rule,MAPPED,Y
05. AFM IT Admin/DC Ops,AFM IT Admin/DC Ops,DCOps,DCOps,,,rule,MAPPED,Y
06. AFM IT Admin #2,AFM IT Admin,DCOps,DCOps,,,rule,MAPPED,Y
12. DC Ops,DC Ops,DCOps,DCOps,,,rule,MAPPED,Y
18. AFM IT Admin #1,AFM IT Admin,DCOps,DCOps,,,rule,MAPPED,Y
19. AFM IT Admin #2  (Secondment Loh Wee Seong),AFM IT Admin,DCOps,DCOps,,,rule,MAPPED,Y
20. AFM IT Admin #3 (Masherdawaty),AFM IT Admin,DCOps,DCOps,,,rule,MAPPED,Y
21. AFM DC Ops #1,AFM DC Ops,DCOps,DCOps,,,rule,MAPPED,Y
22. AFM DC Ops #2,AFM DC Ops,DCOps,DCOps,,,rule,MAPPED,Y
23. AFM DC Ops #3,AFM DC Ops,DCOps,DCOps,,,rule,MAPPED,Y
99. AFM DC Ops #4 (Roving) - RESIGNED,AFM DC Ops - RESIGNED,DCOps,DCOps,,,rule,MAPPED,Y
99. AFM IT Admin #4 (Roving) - Pugu transferred to Sector 1 - TRANSFERRED,AFM IT Admin - Pugu transferred to Sector 1 - TRANSFERRED,DCOps,DCOps,,,rule,MAPPED,Y
Admin Officer,Admin Officer,DCOps,DCOps,,,rule,MAPPED,Y
Asset Officer,Asset Officer,DCOps,DCOps,,,rule,MAPPED,Y
DC OPERATOR,DC OPERATOR,DCOps,DCOps,,,rule,MAPPED,Y
DC Ops,DC Ops,DCOps,DCOps,,,rule,MAPPED,Y
DC Ops  - 1,DC Ops - 1,DCOps,DCOps,,,rule,MAPPED,Y
DC Ops  - 10,DC Ops - 10,DCOps,DCOps,,,rule,MAPPED,Y
DC Ops  - 12,DC Ops - 12,DCOps,DCOps,,,rule,MAPPED,Y
DC Ops  - 2,DC Ops - 2,DCOps,DCOps,,,rule,MAPPED,Y
DC Ops  - 3,DC Ops - 3,DCOps,DCOps,,,rule,MAPPED,Y
DC Ops  - 4,DC Ops - 4,DCOps,DCOps,,,rule,MAPPED,Y
DC Ops  - 5,DC Ops - 5,DCOps,DCOps,,,rule,MAPPED,Y
DC Ops  - 6,DC Ops - 6,DCOps,DCOps,,,rule,MAPPED,Y
DC Ops  - 7,DC Ops - 7,DCOps,DCOps,,,rule,MAPPED,Y
DC Ops  - 8,DC Ops - 8,DCOps,DCOps,,,rule,MAPPED,Y
DC Ops  - 9,DC Ops - 9,DCOps,DCOps,,,rule,MAPPED,Y
DC Ops - IT Admin,DC Ops - IT Admin,DCOps,DCOps,,,rule,MAPPED,Y
DC Ops - Jaylord,DC Ops - Jaylord,DCOps,DCOps,,,rule,MAPPED,Y
DC Ops - L1,DC Ops - L1,DCOps,DCOps,,,rule,MAPPED,Y
DC Ops - L1 - 1,DC Ops - L1 - 1,DCOps,DCOps,,,rule,MAPPED,Y
DC Ops - L1 - 2,DC Ops - L1 - 2,DCOps,DCOps,,,rule,MAPPED,Y
DC Ops - L1 - 3,DC Ops - L1 - 3,DCOps,DCOps,,,rule,MAPPED,Y
DC Ops - L1 - 4,DC Ops - L1 - 4,DCOps,DCOps,,,rule,MAPPED,Y
DC Ops - L1 - 5,DC Ops - L1 - 5,DCOps,DCOps,,,rule,MAPPED,Y
DC Ops - L1 - 6,DC Ops - L1 - 6,DCOps,DCOps,,,rule,MAPPED,Y
DC Ops - L1-1,DC Ops - L1-1,DCOps,DCOps,,,rule,MAPPED,Y
DC Ops - L1-2,DC Ops - L1-2,DCOps,DCOps,,,rule,MAPPED,Y
DC Ops - L1-4,DC Ops - L1-4,DCOps,DCOps,,,rule,MAPPED,Y
DC Ops - L1-5,DC Ops - L1-5,DCOps,DCOps,,,rule,MAPPED,Y
DC Ops - L1-6,DC Ops - L1-6,DCOps,DCOps,,,rule,MAPPED,Y
DC Ops - L1-7,DC Ops - L1-7,DCOps,DCOps,,,rule,MAPPED,Y
DC Ops - L2,DC Ops - L2,DCOps,DCOps,,,rule,MAPPED,Y
DC Ops - L2 - 1,DC Ops - L2 - 1,DCOps,DCOps,,,rule,MAPPED,Y
DC Ops - L2 - 2,DC Ops - L2 - 2,DCOps,DCOps,,,rule,MAPPED,Y
DC Ops - L2 - Steven,DC Ops - L2 - Steven,DCOps,DCOps,,,rule,MAPPED,Y
DC Ops - Louis,DC Ops - Louis,DCOps,DCOps,,,rule,MAPPED,Y
DC Ops - Nelson Wong,DC Ops - Nelson Wong,DCOps,DCOps,,,rule,MAPPED,Y
DC Ops - Nithiya,DC Ops - Nithiya,DCOps,DCOps,,,rule,MAPPED,Y
DC Ops - Riyaz Khan,DC Ops - Riyaz Khan,DCOps,DCOps,,,rule,MAPPED,Y
DC Ops - Sadiq,DC Ops - Sadiq,DCOps,DCOps,,,rule,MAPPED,Y
DC Ops - To Be Hired,DC Ops - To Be Hired,DCOps,DCOps,,,rule,MAPPED,Y
DC Ops - Vishnu,DC Ops - Vishnu,DCOps,DCOps,,,rule,MAPPED,Y
DC Ops Engineer,DC Ops Engineer,DCOps,DCOps,,,rule,MAPPED,Y
DC Ops L2,DC Ops L2,DCOps,DCOps,,,rule,MAPPED,Y
DC operator L2,DC operator L2,DCOps,DCOps,,,rule,MAPPED,Y
Data Center Operator,Data Center Operator,DCOps,DCOps,,,rule,MAPPED,Y
"Data Center Operator 1 [Nurulain Ramlan, DOJ 1 Apr]",Data Center Operator 1,DCOps,DCOps,,,rule,MAPPED,Y
Data Center Operator 2,Data Center Operator 2,DCOps,DCOps,,,rule,MAPPED,Y
"Data Center Operator 2 [Ranjit Singh, DOJ 1Apr]",Data Center Operator 2,DCOps,DCOps,,,rule,MAPPED,Y
Data Center Operator 3,Data Center Operator 3,DCOps,DCOps,,,rule,MAPPED,Y
"Data Center Operator 3 [Nabil Mohd Zuril, DOJ 1 Apr]",Data Center Operator 3,DCOps,DCOps,,,rule,MAPPED,Y
Data Centre Operator (IT Admin) - Nur Sharfana,Data Centre Operator - Nur Sharfana,DCOps,DCOps,,,rule,MAPPED,Y
"Data Centre Operator (IT Admin) -Rohl Anthony,","Data Centre Operator -Rohl Anthony,",DCOps,DCOps,,,rule,MAPPED,Y
Data Centre Operator (IT Admin) 1,Data Centre Operator 1,DCOps,DCOps,,,rule,MAPPED,Y
Data Centre Operator (IT Admin) 1a,Data Centre Operator 1a,DCOps,DCOps,,,rule,MAPPED,Y
IT ADMIN,IT ADMIN,DCOps,DCOps,,,rule,MAPPED,Y
IT ADMIN - Inshah,IT ADMIN - Inshah,DCOps,DCOps,,,rule,MAPPED,Y
IT ADMIN - L2 (Additional Requirement),IT ADMIN - L2,DCOps,DCOps,,,rule,MAPPED,Y
IT ADMIN 2 .Hajar,IT ADMIN 2 .Hajar,DCOps,DCOps,,,rule,MAPPED,Y
IT ADMIN 3 Fazillah,IT ADMIN 3 Fazillah,DCOps,DCOps,,,rule,MAPPED,Y
IT ADMIN L2 - 2,IT ADMIN L2 - 2,DCOps,DCOps,,,rule,MAPPED,Y
IT Admin,IT Admin,DCOps,DCOps,,,rule,MAPPED,Y
IT Admin (Scheduling Tech Refresh),IT Admin,DCOps,DCOps,,,rule,MAPPED,Y
IT Admin - 2,IT Admin - 2,DCOps,DCOps,,,rule,MAPPED,Y
IT Admin - Add Req.,IT Admin - Add Req.,DCOps,DCOps,,,rule,MAPPED,Y
IT Admin -1,IT Admin -1,DCOps,DCOps,,,rule,MAPPED,Y
IT Admin 1,IT Admin 1,DCOps,DCOps,,,rule,MAPPED,Y
IT Asset Admin,IT Asset Admin,DCOps,DCOps,,,rule,MAPPED,Y
IT Asset Admin - 1,IT Asset Admin - 1,DCOps,DCOps,,,rule,MAPPED,Y
IT Asset Admin -2,IT Asset Admin -2,DCOps,DCOps,,,rule,MAPPED,Y
IT/SR Admin 1,IT/SR Admin 1,DCOps,DCOps,,,rule,MAPPED,Y
IT/SR Admin 2 [Sundari Mahadevan],IT/SR Admin 2,DCOps,DCOps,,,rule,MAPPED,Y
IT/SR Admin 3 [Malathy D/O Manoharan],IT/SR Admin 3,DCOps,DCOps,,,rule,MAPPED,Y
ITADMIN,ITADMIN,DCOps,DCOps,,,rule,MAPPED,Y
Project officer / DC operator,Project officer / DC operator,DCOps,DCOps,,,rule,MAPPED,Y
Sharepoint Admin,Sharepoint Admin,DCOps,DCOps,,,rule,MAPPED,Y
Data analyst,Data analyst,Data Analyst,Data Analyst,,,rule,MAPPED,Y
MIS Engineer,MIS Engineer,Data Analyst,Data Analyst,,,rule,MAPPED,Y
MIS Lead,MIS Lead,Data Analyst,Data Analyst,,,rule,MAPPED,Y
MIS Reporting,MIS Reporting,Data Analyst,Data Analyst,,,rule,MAPPED,Y
Enterprise Architect,Enterprise Architect,Enterprise Architect,Enterprise Architect,,,mapping_sheet,MAPPED,Y
Multi-Cloud FinOps Specialist,Multi-Cloud FinOps Specialist,FinOps Engineer,FinOps Engineer,,,rule,MAPPED,Y
Developer,Developer,Full Stack Engineer,Full Stack Engineer,,,rule,MAPPED,Y
Java Developer,Java Developer,Full Stack Engineer,Full Stack Engineer,,,rule,MAPPED,Y
Programmer,Programmer,Full Stack Engineer,Full Stack Engineer,,,rule,MAPPED,Y
SharePoint Developer,SharePoint Developer,Full Stack Engineer,Full Stack Engineer,,,rule,MAPPED,Y
CISO,CISO,IT Security Mgr,IT Security Mgr,,,rule,MAPPED,Y
IT Security Manager,IT Security Manager,IT Security Mgr,IT Security Mgr,,,mapping_sheet,MAPPED,Y
IT Security Manager (Shared) (Dr Tan),IT Security Manager,IT Security Mgr,IT Security Mgr,,,mapping_sheet,MAPPED,Y
IT Security Manager - ATFM,IT Security Manager - ATFM,IT Security Mgr,IT Security Mgr,,,rule,MAPPED,Y
05. ATFM ITSO #1,ATFM ITSO,IT Security Officer,IT Security Officer,,,rule,MAPPED,Y
06. ATFM ITSO #2,ATFM ITSO,IT Security Officer,IT Security Officer,,,rule,MAPPED,Y
06. ITSO #2 (HCR2026081301596-Rahmath/Lester Replacement) - TBA,ITSO - TBA,IT Security Officer,IT Security Officer,,,rule,MAPPED,Y
07. ATFM ITSO,ATFM ITSO,IT Security Officer,IT Security Officer,,,rule,MAPPED,Y
07. ATFM ITSO (Gandhi Replacement),ATFM ITSO,IT Security Officer,IT Security Officer,,,rule,MAPPED,Y
09. ITSO,ITSO,IT Security Officer,IT Security Officer,,,rule,MAPPED,Y
ISO Engineer,ISO Engineer,IT Security Officer,IT Security Officer,,,rule,MAPPED,Y
IT Security Officer,IT Security Officer,IT Security Officer,IT Security Officer,,,mapping_sheet,MAPPED,Y
IT Security Officer - Jimmy,IT Security Officer - Jimmy,IT Security Officer,IT Security Officer,,,rule,MAPPED,Y
IT Security Officer - Yong Hao,IT Security Officer - Yong Hao,IT Security Officer,IT Security Officer,,,rule,MAPPED,Y
IT Security Officer 1,IT Security Officer 1,IT Security Officer,IT Security Officer,,,mapping_sheet,MAPPED,Y
IT Security Officer 2,IT Security Officer 2,IT Security Officer,IT Security Officer,,,mapping_sheet,MAPPED,Y
IT Security Officer 3,IT Security Officer 3,IT Security Officer,IT Security Officer,,,mapping_sheet,MAPPED,Y
IT Security Officer 4,IT Security Officer 4,IT Security Officer,IT Security Officer,,,mapping_sheet,MAPPED,Y
ITSO,ITSO,IT Security Officer,IT Security Officer,,,mapping_sheet,MAPPED,Y
ITSO - BAU (Additional Requirement),ITSO - BAU,IT Security Officer,IT Security Officer,,,mapping_sheet,MAPPED,Y
ITSO -1,ITSO -1,IT Security Officer,IT Security Officer,,,mapping_sheet,MAPPED,Y
ITSO -2,ITSO -2,IT Security Officer,IT Security Officer,,,mapping_sheet,MAPPED,Y
ITSO Intern,ITSO Intern,IT Security Officer,IT Security Officer,,,rule,MAPPED,Y
ITSO L2,ITSO L2,IT Security Officer,IT Security Officer,,,mapping_sheet,MAPPED,Y
SDM for SITO Resources,SDM for SITO Resources,IT Security Officer,IT Security Officer,,,rule,MAPPED,Y
SDM for SITO/ISO,SDM for SITO/ISO,IT Security Officer,IT Security Officer,,,rule,MAPPED,Y
SECURITY - ITSO - Xian Yong Seow,SECURITY - ITSO - Xian Yong Seow,IT Security Officer,IT Security Officer,,,rule,MAPPED,Y
SECURITY - L1 [ ITSO ],SECURITY - L1,IT Security Officer,IT Security Officer,,,mapping_sheet,MAPPED,Y
SECURITY - L3 ITSO - Mohamad Ali,SECURITY - L3 ITSO - Mohamad Ali,IT Security Officer,IT Security Officer,,,mapping_sheet,MAPPED,Y
SITO,SITO,IT Security Officer,IT Security Officer,,,rule,MAPPED,Y
SITO Engineer,SITO Engineer,IT Security Officer,IT Security Officer,,,rule,MAPPED,Y
SITO-2,SITO-2,IT Security Officer,IT Security Officer,,,rule,MAPPED,Y
SITO/ ISO Engineer - 1,SITO/ ISO Engineer - 1,IT Security Officer,IT Security Officer,,,rule,MAPPED,Y
SITO/ ISO Engineer - 4,SITO/ ISO Engineer - 4,IT Security Officer,IT Security Officer,,,rule,MAPPED,Y
SITO/ ISO Engineer - 5,SITO/ ISO Engineer - 5,IT Security Officer,IT Security Officer,,,rule,MAPPED,Y
SITO/ ISO Engineer -2,SITO/ ISO Engineer -2,IT Security Officer,IT Security Officer,,,rule,MAPPED,Y
SITO/ ISO Engineer -8,SITO/ ISO Engineer -8,IT Security Officer,IT Security Officer,,,rule,MAPPED,Y
SITO/ ISO Engineer -9,SITO/ ISO Engineer -9,IT Security Officer,IT Security Officer,,,rule,MAPPED,Y
SITO/ ISO Engineer 1,SITO/ ISO Engineer 1,IT Security Officer,IT Security Officer,,,rule,MAPPED,Y
SITO/ ISO Engineer 15,SITO/ ISO Engineer 15,IT Security Officer,IT Security Officer,,,rule,MAPPED,Y
SITO/ ISO Engineer 16,SITO/ ISO Engineer 16,IT Security Officer,IT Security Officer,,,rule,MAPPED,Y
SITO/ ISO Engineer 2,SITO/ ISO Engineer 2,IT Security Officer,IT Security Officer,,,rule,MAPPED,Y
SITO/ ISO Engineer 4,SITO/ ISO Engineer 4,IT Security Officer,IT Security Officer,,,rule,MAPPED,Y
SITO/ ISO Engineer 5,SITO/ ISO Engineer 5,IT Security Officer,IT Security Officer,,,rule,MAPPED,Y
SITO/ ISO Engineer 6,SITO/ ISO Engineer 6,IT Security Officer,IT Security Officer,,,rule,MAPPED,Y
SITO/ ISO Engineer 8,SITO/ ISO Engineer 8,IT Security Officer,IT Security Officer,,,rule,MAPPED,Y
Security Officer,Security Officer,IT Security Officer,IT Security Officer,,,rule,MAPPED,Y
14. ITSM,ITSM,IT Service Mgt Engineer,IT Service Mgt Engineer,,,rule,MAPPED,Y
Change Engineer,Change Engineer,IT Service Mgt Engineer,IT Service Mgt Engineer,,,rule,MAPPED,Y
ITSM,ITSM,IT Service Mgt Engineer,IT Service Mgt Engineer,,,rule,MAPPED,Y
ITSM - Add Req.,ITSM - Add Req.,IT Service Mgt Engineer,IT Service Mgt Engineer,,,rule,MAPPED,Y
ITSM - BAU (Additional Requirement),ITSM - BAU,IT Service Mgt Engineer,IT Service Mgt Engineer,,,rule,MAPPED,Y
ITSM Engineer,ITSM Engineer,IT Service Mgt Engineer,IT Service Mgt Engineer,,,rule,MAPPED,Y
ITSM Process Support Engineer,ITSM Process Support Engineer,IT Service Mgt Engineer,IT Service Mgt Engineer,,,rule,MAPPED,Y
M365 Engineer,M365 Engineer,M365 Engineer,M365 Engineer,,,rule,MAPPED,Y
DEX Engineer L1,DEX Engineer L1,Mobile/Desktop Engineer,Mobile/Desktop Engineer,,,rule,MAPPED,Y
DEX Engineer L2,DEX Engineer L2,Mobile/Desktop Engineer,Mobile/Desktop Engineer,,,rule,MAPPED,Y
Desktop,Desktop,Mobile/Desktop Engineer,Mobile/Desktop Engineer,,,rule,MAPPED,Y
Desktop Engineer,Desktop Engineer,Mobile/Desktop Engineer,Mobile/Desktop Engineer,,,rule,MAPPED,Y
Desktop Engineer (Hiring Replacement for Aaron left in May),Desktop Engineer,Mobile/Desktop Engineer,Mobile/Desktop Engineer,,,rule,MAPPED,Y
Desktop L1,Desktop L1,Mobile/Desktop Engineer,Mobile/Desktop Engineer,,,rule,MAPPED,Y
Desktop L2,Desktop L2,Mobile/Desktop Engineer,Mobile/Desktop Engineer,,,rule,MAPPED,Y
Desktop L2 - 1,Desktop L2 - 1,Mobile/Desktop Engineer,Mobile/Desktop Engineer,,,rule,MAPPED,Y
Desktop L2 - 3,Desktop L2 - 3,Mobile/Desktop Engineer,Mobile/Desktop Engineer,,,rule,MAPPED,Y
Desktop L2 - 4,Desktop L2 - 4,Mobile/Desktop Engineer,Mobile/Desktop Engineer,,,rule,MAPPED,Y
Desktop L2 - 5,Desktop L2 - 5,Mobile/Desktop Engineer,Mobile/Desktop Engineer,,,rule,MAPPED,Y
Desktop L2 - team lead,Desktop L2 - team lead,Mobile/Desktop Engineer,Mobile/Desktop Engineer,,,rule,MAPPED,Y
L2 Desktop Engineer,L2 Desktop Engineer,Mobile/Desktop Engineer,Mobile/Desktop Engineer,,,rule,MAPPED,Y
Mobile Support Engineer,Mobile Support Engineer,Mobile/Desktop Engineer,Mobile/Desktop Engineer,,,rule,MAPPED,Y
Mobile Support Engineer - Fairuz,Mobile Support Engineer - Fairuz,Mobile/Desktop Engineer,Mobile/Desktop Engineer,,,rule,MAPPED,Y
Mobile Support Engineer - Huzaimi,Mobile Support Engineer - Huzaimi,Mobile/Desktop Engineer,Mobile/Desktop Engineer,,,rule,MAPPED,Y
Mobile Support Engineer - Kaushan,Mobile Support Engineer - Kaushan,Mobile/Desktop Engineer,Mobile/Desktop Engineer,,,rule,MAPPED,Y
Mobile Support Engineer - Luqman,Mobile Support Engineer - Luqman,Mobile/Desktop Engineer,Mobile/Desktop Engineer,,,rule,MAPPED,Y
Mobile Support Engineer - Meena,Mobile Support Engineer - Meena,Mobile/Desktop Engineer,Mobile/Desktop Engineer,,,rule,MAPPED,Y
Mobile Support Engineer - Neenu,Mobile Support Engineer - Neenu,Mobile/Desktop Engineer,Mobile/Desktop Engineer,,,rule,MAPPED,Y
Mobile Support Engineer - Pammi,Mobile Support Engineer - Pammi,Mobile/Desktop Engineer,Mobile/Desktop Engineer,,,rule,MAPPED,Y
Mobile Support Engineer - Stanley,Mobile Support Engineer - Stanley,Mobile/Desktop Engineer,Mobile/Desktop Engineer,,,rule,MAPPED,Y
Mobile Support Engineer - Sufi,Mobile Support Engineer - Sufi,Mobile/Desktop Engineer,Mobile/Desktop Engineer,,,rule,MAPPED,Y
Mobile Support Engineer - Towfeeq,Mobile Support Engineer - Towfeeq,Mobile/Desktop Engineer,Mobile/Desktop Engineer,,,rule,MAPPED,Y
Onsite Desktop L1 - 8,Onsite Desktop L1 - 8,Mobile/Desktop Engineer,Mobile/Desktop Engineer,,,rule,MAPPED,Y
Onsite Desktop L1 - 9,Onsite Desktop L1 - 9,Mobile/Desktop Engineer,Mobile/Desktop Engineer,,,rule,MAPPED,Y
Onsite Desktop L1 -2,Onsite Desktop L1 -2,Mobile/Desktop Engineer,Mobile/Desktop Engineer,,,rule,MAPPED,Y
Onsite Desktop L1 -3,Onsite Desktop L1 -3,Mobile/Desktop Engineer,Mobile/Desktop Engineer,,,rule,MAPPED,Y
Onsite Desktop L1 -4,Onsite Desktop L1 -4,Mobile/Desktop Engineer,Mobile/Desktop Engineer,,,rule,MAPPED,Y
Onsite Desktop L1 -5,Onsite Desktop L1 -5,Mobile/Desktop Engineer,Mobile/Desktop Engineer,,,rule,MAPPED,Y
Onsite Desktop L1 -6,Onsite Desktop L1 -6,Mobile/Desktop Engineer,Mobile/Desktop Engineer,,,rule,MAPPED,Y
Onsite Desktop L2 - 4,Onsite Desktop L2 - 4,Mobile/Desktop Engineer,Mobile/Desktop Engineer,,,rule,MAPPED,Y
Onsite Desktop L2 - 5,Onsite Desktop L2 - 5,Mobile/Desktop Engineer,Mobile/Desktop Engineer,,,rule,MAPPED,Y
Onsite Desktop L2 -1,Onsite Desktop L2 -1,Mobile/Desktop Engineer,Mobile/Desktop Engineer,,,rule,MAPPED,Y
Onsite Desktop L2 -2,Onsite Desktop L2 -2,Mobile/Desktop Engineer,Mobile/Desktop Engineer,,,rule,MAPPED,Y
Onsite Desktop L2 -3,Onsite Desktop L2 -3,Mobile/Desktop Engineer,Mobile/Desktop Engineer,,,rule,MAPPED,Y
Tech Refresh Desktop Engineer 1,Tech Refresh Desktop Engineer 1,Mobile/Desktop Engineer,Mobile/Desktop Engineer,,,rule,MAPPED,Y
Tech Refresh Desktop Engineer 2,Tech Refresh Desktop Engineer 2,Mobile/Desktop Engineer,Mobile/Desktop Engineer,,,rule,MAPPED,Y
Tech Refresh Engineers -2,Tech Refresh Engineers -2,Mobile/Desktop Engineer,Mobile/Desktop Engineer,,,rule,MAPPED,Y
15. AFM Network Engineer L1,AFM Network Engineer L1,Network Engineer L1,Network Engineer,L1,name,rule,MAPPED,Y
NETWORK  7. Evan,NETWORK 7. Evan,Network Engineer L1,Network Engineer,L1,grade_inferred,rule,MAPPED - level inferred from grade,Y
NETWORK - Azlan,NETWORK - Azlan,Network Engineer L1,Network Engineer,L1,grade_inferred,rule,MAPPED - level inferred from grade,Y
NETWORK - L1,NETWORK - L1,Network Engineer L1,Network Engineer,L1,name,rule,MAPPED,Y
NETWORK - L1 - Azmi,NETWORK - L1 - Azmi,Network Engineer L1,Network Engineer,L1,mapping_sheet,mapping_sheet,MAPPED,Y
NETWORK 1.Arfin,NETWORK 1.Arfin,Network Engineer L1,Network Engineer,L1,grade_inferred,rule,MAPPED - level inferred from grade,Y
NETWORK 5. Bryner,NETWORK 5. Bryner,Network Engineer L1,Network Engineer,L1,grade_inferred,rule,MAPPED - level inferred from grade,Y
NETWORK 6. Chin Wei Jia (William),NETWORK 6. Chin Wei Jia,Network Engineer L1,Network Engineer,L1,grade_inferred,rule,MAPPED - level inferred from grade,Y
Network Engineer  3a,Network Engineer 3a,Network Engineer L1,Network Engineer,L1,grade_inferred,rule,MAPPED - level inferred from grade,Y
Network Engineer  3b,Network Engineer 3b,Network Engineer L1,Network Engineer,L1,grade_inferred,rule,MAPPED - level inferred from grade,Y
Network Engineer  3c,Network Engineer 3c,Network Engineer L1,Network Engineer,L1,grade_inferred,rule,MAPPED - level inferred from grade,Y
Network Engineer  4a,Network Engineer 4a,Network Engineer L1,Network Engineer,L1,grade_inferred,rule,MAPPED - level inferred from grade,Y
Network Engineer  4b,Network Engineer 4b,Network Engineer L1,Network Engineer,L1,grade_inferred,rule,MAPPED - level inferred from grade,Y
Network Engineer  4c,Network Engineer 4c,Network Engineer L1,Network Engineer,L1,grade_inferred,rule,MAPPED - level inferred from grade,Y
Network Engineer (4),Network Engineer,Network Engineer L1,Network Engineer,L1,grade_inferred,rule,MAPPED - level inferred from grade,Y
Network Engineer (5),Network Engineer,Network Engineer L1,Network Engineer,L1,grade_inferred,rule,MAPPED - level inferred from grade,Y
Network Engineer - Abhay,Network Engineer - Abhay,Network Engineer L1,Network Engineer,L1,grade_inferred,rule,MAPPED - level inferred from grade,Y
Network Engineer - Karthick,Network Engineer - Karthick,Network Engineer L1,Network Engineer,L1,grade_inferred,rule,MAPPED - level inferred from grade,Y
Network Engineer - L1,Network Engineer - L1,Network Engineer L1,Network Engineer,L1,mapping_sheet,mapping_sheet,MAPPED,Y
Network Engineer - Renjith,Network Engineer - Renjith,Network Engineer L1,Network Engineer,L1,grade_inferred,rule,MAPPED - level inferred from grade,Y
Network Engineer 1,Network Engineer 1,Network Engineer L1,Network Engineer,L1,grade_inferred,rule,MAPPED - level inferred from grade,Y
Network Engineer 4a,Network Engineer 4a,Network Engineer L1,Network Engineer,L1,grade_inferred,rule,MAPPED - level inferred from grade,Y
Network Engineer 6,Network Engineer 6,Network Engineer L1,Network Engineer,L1,grade_inferred,rule,MAPPED - level inferred from grade,Y
"Network Engineer [Andrew Chee, DOJ 1Apr, replace Riaaz]",Network Engineer,Network Engineer L1,Network Engineer,L1,grade_inferred,rule,MAPPED - level inferred from grade,Y
Network Engineer [BAU],Network Engineer,Network Engineer L1,Network Engineer,L1,grade_inferred,rule,MAPPED - level inferred from grade,Y
Network L1 -(Pol cam suport) 1. Adithya,Network L1 - 1. Adithya,Network Engineer L1,Network Engineer,L1,name,rule,MAPPED,Y
03. AFM Network Engineer,AFM Network Engineer,Network Engineer L2,Network Engineer,L2,grade_inferred,rule,MAPPED - level inferred from grade,Y
03. Network Lead,Network Lead,Network Engineer L2,Network Engineer,L2,grade_inferred,rule,MAPPED - level inferred from grade,Y
04. Network Engineer,Network Engineer,Network Engineer L2,Network Engineer,L2,grade_inferred,rule,MAPPED - level inferred from grade,Y
14. AFM Network Lead,AFM Network Lead,Network Engineer L2,Network Engineer,L2,grade_inferred,rule,MAPPED - level inferred from grade,Y
16. AFM Network Engineer L2 #1,AFM Network Engineer L2,Network Engineer L2,Network Engineer,L2,name,rule,MAPPED,Y
17. AFM Network Engineer L2 #2  (Secondment Rakesh Wasudeo),AFM Network Engineer L2,Network Engineer L2,Network Engineer,L2,name,rule,MAPPED,Y
NETWORK  L2-2. Ramarajan,NETWORK L2-2. Ramarajan,Network Engineer L2,Network Engineer,L2,name,rule,MAPPED,Y
NETWORK  L2-3. Tawseef,NETWORK L2-3. Tawseef,Network Engineer L2,Network Engineer,L2,name,rule,MAPPED,Y
NETWORK - L2,NETWORK - L2,Network Engineer L2,Network Engineer,L2,name,rule,MAPPED,Y
NETWORK - L2 - 2,NETWORK - L2 - 2,Network Engineer L2,Network Engineer,L2,name,rule,MAPPED,Y
NETWORK - L2 - 3,NETWORK - L2 - 3,Network Engineer L2,Network Engineer,L2,name,rule,MAPPED,Y
NETWORK - L2 - 4,NETWORK - L2 - 4,Network Engineer L2,Network Engineer,L2,name,rule,MAPPED,Y
NETWORK - L2 - BAU (0.5 HC),NETWORK - L2 - BAU,Network Engineer L2,Network Engineer,L2,name,rule,MAPPED,Y
NETWORK - L2 - BAU (0.5 SLA),NETWORK - L2 - BAU,Network Engineer L2,Network Engineer,L2,name,rule,MAPPED,Y
NETWORK - L2 1. Shankar,NETWORK - L2 1. Shankar,Network Engineer L2,Network Engineer,L2,name,rule,MAPPED,Y
Network,Network,Network Engineer L2,Network Engineer,L2,grade_inferred,rule,MAPPED - level inferred from grade,Y
Network Delivery,Network Delivery,Network Engineer L2,Network Engineer,L2,grade_inferred,rule,MAPPED - level inferred from grade,Y
Network Engineer,Network Engineer,Network Engineer L2,Network Engineer,L2,grade_inferred,rule,MAPPED - level inferred from grade,Y
Network Engineer  1,Network Engineer 1,Network Engineer L2,Network Engineer,L2,grade_inferred,rule,MAPPED - level inferred from grade,Y
Network Engineer  1a,Network Engineer 1a,Network Engineer L2,Network Engineer,L2,grade_inferred,rule,MAPPED - level inferred from grade,Y
Network Engineer (1),Network Engineer,Network Engineer L2,Network Engineer,L2,grade_inferred,rule,MAPPED - level inferred from grade,Y
Network Engineer (2),Network Engineer,Network Engineer L2,Network Engineer,L2,grade_inferred,rule,MAPPED - level inferred from grade,Y
Network Engineer (3),Network Engineer,Network Engineer L2,Network Engineer,L2,grade_inferred,rule,MAPPED - level inferred from grade,Y
Network Engineer (Exteded support - Night Shift) -1,Network Engineer -1,Network Engineer L2,Network Engineer,L2,grade_inferred,rule,MAPPED - level inferred from grade,Y
Network Engineer - 2,Network Engineer - 2,Network Engineer L2,Network Engineer,L2,grade_inferred,rule,MAPPED - level inferred from grade,Y
Network Engineer - Krishnan,Network Engineer - Krishnan,Network Engineer L2,Network Engineer,L2,grade_inferred,rule,MAPPED - level inferred from grade,Y
Network Engineer - Naw-Hsar/Jeff,Network Engineer - Naw-Hsar/Jeff,Network Engineer L2,Network Engineer,L2,grade_inferred,rule,MAPPED - level inferred from grade,Y
Network Engineer - Oscar,Network Engineer - Oscar,Network Engineer L2,Network Engineer,L2,grade_inferred,rule,MAPPED - level inferred from grade,Y
Network Engineer - Sarath,Network Engineer - Sarath,Network Engineer L2,Network Engineer,L2,grade_inferred,rule,MAPPED - level inferred from grade,Y
Network Engineer - Shanker,Network Engineer - Shanker,Network Engineer L2,Network Engineer,L2,grade_inferred,rule,MAPPED - level inferred from grade,Y
Network Engineer - Suresh,Network Engineer - Suresh,Network Engineer L2,Network Engineer,L2,grade_inferred,rule,MAPPED - level inferred from grade,Y
"Network Engineer 1 [Nambi Azhagen, DOJ 1Apr]",Network Engineer 1,Network Engineer L2,Network Engineer,L2,grade_inferred,rule,MAPPED - level inferred from grade,Y
Network Engineer 2,Network Engineer 2,Network Engineer L2,Network Engineer,L2,grade_inferred,rule,MAPPED - level inferred from grade,Y
"Network Engineer 2 [Salai Arasu, DOJ 1 Apr]",Network Engineer 2,Network Engineer L2,Network Engineer,L2,grade_inferred,rule,MAPPED - level inferred from grade,Y
"Network Engineer 2. Logaraj _x000D_
(Ops Support Pending PO) 25 Oct 2024",Network Engineer 2. Logaraj _x000D_ 25 Oct 2024,Network Engineer L2,Network Engineer,L2,grade_inferred,rule,MAPPED - level inferred from grade,Y
Network Engineer L2,Network Engineer L2,Network Engineer L2,Network Engineer,L2,name,rule,MAPPED,Y
Network Engineer L2 -1,Network Engineer L2 -1,Network Engineer L2,Network Engineer,L2,name,rule,MAPPED,Y
Network Engineer L2 -3,Network Engineer L2 -3,Network Engineer L2,Network Engineer,L2,name,rule,MAPPED,Y
Network Engineer [Arun Arumugam],Network Engineer,Network Engineer L2,Network Engineer,L2,grade_inferred,rule,MAPPED - level inferred from grade,Y
Network Engineer1 - L2,Network Engineer1 - L2,Network Engineer L2,Network Engineer,L2,name,rule,MAPPED,Y
Network L2,Network L2,Network Engineer L2,Network Engineer,L2,name,rule,MAPPED,Y
Network L2 - Add. Req,Network L2 - Add. Req,Network Engineer L2,Network Engineer,L2,name,rule,MAPPED,Y
Network L2 BAU,Network L2 BAU,Network Engineer L2,Network Engineer,L2,name,rule,MAPPED,Y
Network Lead,Network Lead,Network Engineer L2,Network Engineer,L2,grade_inferred,rule,MAPPED - level inferred from grade,Y
NETWORK 8. Brandon,NETWORK 8. Brandon,Network Engineer L3,Network Engineer,L3,grade_inferred,rule,MAPPED - level inferred from grade,Y
NETWORK LEAD - L3 Giby,NETWORK LEAD - L3 Giby,Network Engineer L3,Network Engineer,L3,name,rule,MAPPED,Y
Network Engineer  2,Network Engineer 2,Network Engineer L3,Network Engineer,L3,grade_inferred,rule,MAPPED - level inferred from grade,Y
Network Engineer (6) - 24x7,Network Engineer - 24x7,Network Engineer L3,Network Engineer,L3,grade_inferred,rule,MAPPED - level inferred from grade,Y
Network Engineer L3,Network Engineer L3,Network Engineer L3,Network Engineer,L3,name,rule,MAPPED,Y
Network L3,Network L3,Network Engineer L3,Network Engineer,L3,name,rule,MAPPED,Y
Network L3-1. Raghu,Network L3-1. Raghu,Network Engineer L3,Network Engineer,L3,name,rule,MAPPED,Y
Network L3-2. Kenneth,Network L3-2. Kenneth,Network Engineer L3,Network Engineer,L3,name,rule,MAPPED,Y
02. Cloud Shared Services PM Lead,Cloud Shared Services PM Lead,Project Manager,Project Manager,,,rule,MAPPED,Y
04. Cloud Shared Services PM for PARL and Judiciary,Cloud Shared Services PM for PARL and Judiciary,Project Manager,Project Manager,,,rule,MAPPED,Y
05. Cloud Shared Services PM,Cloud Shared Services PM,Project Manager,Project Manager,,,rule,MAPPED,Y
06. Cloud Shared Services PM for PARL & Judiciary,Cloud Shared Services PM for PARL & Judiciary,Project Manager,Project Manager,,,rule,MAPPED,Y
90. Cloud Shared Services - PM,Cloud Shared Services - PM,Project Manager,Project Manager,,,rule,MAPPED,Y
91. Cloud Shared Services - PM,Cloud Shared Services - PM,Project Manager,Project Manager,,,rule,MAPPED,Y
Cloud Shared Services - Project Manager,Cloud Shared Services - Project Manager,Project Manager,Project Manager,,,rule,MAPPED,Y
Day 1 - Project Manager,Day 1 - Project Manager,Project Manager,Project Manager,,,rule,MAPPED,Y
Day 1 Cloud Project Manager,Day 1 Cloud Project Manager,Project Manager,Project Manager,,,rule,MAPPED,Y
Mobile Project Lead,Mobile Project Lead,Project Manager,Project Manager,,,rule,MAPPED,Y
Mobile Project Manager,Mobile Project Manager,Project Manager,Project Manager,,,rule,MAPPED,Y
PM,PM,Project Manager,Project Manager,,,rule,MAPPED,Y
PM (CyberArk Onboard),PM,Project Manager,Project Manager,,,rule,MAPPED,Y
Project MGR,Project MGR,Project Manager,Project Manager,,,rule,MAPPED,Y
Project Manager,Project Manager,Project Manager,Project Manager,,,mapping_sheet,MAPPED,Y
Project Manager - Anthony,Project Manager - Anthony,Project Manager,Project Manager,,,rule,MAPPED,Y
Project Manager - Aw Kok Chun,Project Manager - Aw Kok Chun,Project Manager,Project Manager,,,rule,MAPPED,Y
Project Manager - Cassandra,Project Manager - Cassandra,Project Manager,Project Manager,,,rule,MAPPED,Y
Project Manager - Darly Ang,Project Manager - Darly Ang,Project Manager,Project Manager,,,rule,MAPPED,Y
Project Manager - Jeffrey Tan,Project Manager - Jeffrey Tan,Project Manager,Project Manager,,,rule,MAPPED,Y
Project Manager - Kim Seng,Project Manager - Kim Seng,Project Manager,Project Manager,,,rule,MAPPED,Y
Project Manager - Megha,Project Manager - Megha,Project Manager,Project Manager,,,rule,MAPPED,Y
Project Manager - Naq Fong,Project Manager - Naq Fong,Project Manager,Project Manager,,,rule,MAPPED,Y
Project Manager - Rama,Project Manager - Rama,Project Manager,Project Manager,,,rule,MAPPED,Y
Project Manager - Stanley,Project Manager - Stanley,Project Manager,Project Manager,,,rule,MAPPED,Y
Project Manager - Steve,Project Manager - Steve,Project Manager,Project Manager,,,mapping_sheet,MAPPED,Y
Project Manager - on hold,Project Manager - on hold,Project Manager,Project Manager,,,rule,MAPPED,Y
Project Manager -Sofia,Project Manager -Sofia,Project Manager,Project Manager,,,rule,MAPPED,Y
Project Manager [ADDN REQN],Project Manager,Project Manager,Project Manager,,,rule,MAPPED,Y
Project manager - Jeremy Ooi,Project manager - Jeremy Ooi,Project Manager,Project Manager,,,rule,MAPPED,Y
00. ATFM SDD/CSP,ATFM SDD/CSP,SDD,SDD,,,rule,MAPPED,Y
01. ATFM SDD,ATFM SDD,SDD,SDD,,,rule,MAPPED,Y
01. ATFM SDD (HRC - 20251008001) - TBA,ATFM SDD - TBA,SDD,SDD,,,rule,MAPPED,Y
01. SDD,SDD,SDD,SDD,,,rule,MAPPED,Y
Cloud Delivery Director,Cloud Delivery Director,SDD,SDD,,,rule,MAPPED,Y
Command Centre SDD,Command Centre SDD,SDD,SDD,,,rule,MAPPED,Y
Innovation & Governance Lead + SDD,Innovation & Governance Lead + SDD,SDD,SDD,,,rule,MAPPED,Y
SDD,SDD,SDD,SDD,,,rule,MAPPED,Y
SDD - BAU,SDD - BAU,SDD,SDD,,,rule,MAPPED,Y
SDD - Liaw,SDD - Liaw,SDD,SDD,,,rule,MAPPED,Y
Service Delivery Director,Service Delivery Director,SDD,SDD,,,rule,MAPPED,Y
Service Delivery Director – Graduate Trainee Programme,Service Delivery Director – Graduate Trainee Programme,SDD,SDD,,,rule,MAPPED,Y
01. ATFM SDM,ATFM SDM,SDM,SDM,,,rule,MAPPED,Y
02. ATFM SDM,ATFM SDM,SDM,SDM,,,rule,MAPPED,Y
02. ATFM SDM (HRC - 20260223002) - Abdul Aliff,ATFM SDM - Abdul Aliff,SDM,SDM,,,rule,MAPPED,Y
02. SDM - L3 (Infra),SDM - L3,SDM,SDM,,,rule,MAPPED,Y
02. Service Delivery Manager (SDM) - Deepan,Service Delivery Manager - Deepan,SDM,SDM,,,rule,MAPPED,Y
02. Service Delivery Manager (SDM) - Joseph,Service Delivery Manager - Joseph,SDM,SDM,,,rule,MAPPED,Y
03. ATFM SDM (HCR2026083101662) - TBA,ATFM SDM - TBA,SDM,SDM,,,rule,MAPPED,Y
03. ATFM Service Delivery Lead (SDL) (HCR2026041001039),ATFM Service Delivery Lead,SDM,SDM,,,rule,MAPPED,Y
04. Cloud Technical Manager,Cloud Technical Manager,SDM,SDM,,,rule,MAPPED,Y
04. Cloud Technical Manager - (HRC - 20251007001) - Sridhar,Cloud Technical Manager - - Sridhar,SDM,SDM,,,rule,MAPPED,Y
07. ATFM Service Delivery Lead (SDL),ATFM Service Delivery Lead,SDM,SDM,,,rule,MAPPED,Y
07. ATFM Service Delivery Lead - (HCR2026041001040) - Yusuf Riyaz,ATFM Service Delivery Lead - - Yusuf Riyaz,SDM,SDM,,,rule,MAPPED,Y
08. ATFM Service Delivery Lead (SDL) HRC - 20260313003 - TBA,ATFM Service Delivery Lead - 20260313003 - TBA,SDM,SDM,,,rule,MAPPED,Y
11. DC Manager (DC Ops),DC Manager,SDM,SDM,,,rule,MAPPED,Y
APM Delivery Manager,APM Delivery Manager,SDM,SDM,,,rule,MAPPED,Y
Cloud Shared Service Manager [HQ ADDN],Cloud Shared Service Manager,SDM,SDM,,,rule,MAPPED,Y
Command Centre Manager,Command Centre Manager,SDM,SDM,,,rule,MAPPED,Y
DC Manager,DC Manager,SDM,SDM,,,rule,MAPPED,Y
DC Manager-Agency DC - Chee Yong,DC Manager-Agency DC - Chee Yong,SDM,SDM,,,rule,MAPPED,Y
Delivery Lead,Delivery Lead,SDM,SDM,,,rule,MAPPED,Y
Incident Manager,Incident Manager,SDM,SDM,,,rule,MAPPED,Y
Operation Manager,Operation Manager,SDM,SDM,,,mapping_sheet,MAPPED,Y
Operation Manager - BAU GCC (0.5 SLA and 0.5 HC to customer),Operation Manager - BAU GCC,SDM,SDM,,,mapping_sheet,MAPPED,Y
Operations Manager,Operations Manager,SDM,SDM,,,rule,MAPPED,Y
SDM,SDM,SDM,SDM,,,rule,MAPPED,Y
SDM  - Ops Manager,SDM - Ops Manager,SDM,SDM,,,rule,MAPPED,Y
SDM Digital Workplace & Automation,SDM Digital Workplace & Automation,SDM,SDM,,,rule,MAPPED,Y
SDM for A*STAR contract,SDM for A*STAR contract,SDM,SDM,,,rule,MAPPED,Y
SDM-RAGHA,SDM-RAGHA,SDM,SDM,,,rule,MAPPED,Y
Service Delivery Manager,Service Delivery Manager,SDM,SDM,,,mapping_sheet,MAPPED,Y
Service Delivery Manager - Beant,Service Delivery Manager - Beant,SDM,SDM,,,rule,MAPPED,Y
"Service Delivery Manager [Paul Cheong, DOJ 1 Apr]",Service Delivery Manager,SDM,SDM,,,rule,MAPPED,Y
CyberArk Onboard Team,CyberArk Onboard Team,Security Engineer,Security Engineer,,,rule,MAPPED,Y
Cyberark Engineer,Cyberark Engineer,Security Engineer,Security Engineer,,,rule,MAPPED,Y
Wintel/CyberArk Engineer,Wintel/CyberArk Engineer,Security Engineer,Security Engineer,,,rule,MAPPED,Y
02. AFM Wintel Engineer,AFM Wintel Engineer,Server Engineer L1,Server Engineer,L1,grade_inferred,rule,MAPPED - level inferred from grade,Y
05. Server Team Lead,Server Team Lead,Server Engineer L1,Server Engineer,L1,grade_inferred,rule,MAPPED - level inferred from grade,Y
06. Wintel Engineer #1,Wintel Engineer,Server Engineer L1,Server Engineer,L1,grade_inferred,rule,MAPPED - level inferred from grade,Y
08. AFM Wintel Engineer L1 (HCR2026041501055) - Fahmie,AFM Wintel Engineer L1 - Fahmie,Server Engineer L1,Server Engineer,L1,name,rule,MAPPED,Y
08. Wintel Engineer #3,Wintel Engineer,Server Engineer L1,Server Engineer,L1,grade_inferred,rule,MAPPED - level inferred from grade,Y
10. AFM Supreme Court Wintel Engineer #1,AFM Supreme Court Wintel Engineer,Server Engineer L1,Server Engineer,L1,grade_inferred,rule,MAPPED - level inferred from grade,Y
30. ATFM Supreme Court Linux Engineer #2,ATFM Supreme Court Linux Engineer,Server Engineer L1,Server Engineer,L1,grade_inferred,rule,MAPPED - level inferred from grade,Y
33.  ATFM Linux Engineer (Assigned to Parliament),ATFM Linux Engineer,Server Engineer L1,Server Engineer,L1,grade_inferred,rule,MAPPED - level inferred from grade,Y
39. TFM Sate Courts Wintel Engineer - KaiJie Replacement for Sabri,TFM Sate Courts Wintel Engineer - KaiJie Replacement for Sabri,Server Engineer L1,Server Engineer,L1,grade_inferred,rule,MAPPED - level inferred from grade,Y
40. TFM State Courts Wintel Engineer (HRC - 20250818001) - Leonard Seam,TFM State Courts Wintel Engineer - Leonard Seam,Server Engineer L1,Server Engineer,L1,grade_inferred,rule,MAPPED - level inferred from grade,Y
Server (Wintel)-2,Server -2,Server Engineer L1,Server Engineer,L1,grade_inferred,rule,MAPPED - level inferred from grade,Y
Server Engineer (Extended Support - Night Shift) -1,Server Engineer -1,Server Engineer L1,Server Engineer,L1,grade_inferred,rule,MAPPED - level inferred from grade,Y
System Engineer - Esmond,System Engineer - Esmond,Server Engineer L1,Server Engineer,L1,grade_inferred,rule,MAPPED - level inferred from grade,Y
System Engineer - Vanni,System Engineer - Vanni,Server Engineer L1,Server Engineer,L1,grade_inferred,rule,MAPPED - level inferred from grade,Y
System Engineer / System Administrator,System Engineer / System Administrator,Server Engineer L1,Server Engineer,L1,grade_inferred,rule,MAPPED - level inferred from grade,Y
System Engineer [HQ ADDN],System Engineer,Server Engineer L1,Server Engineer,L1,grade_inferred,rule,MAPPED - level inferred from grade,Y
Unix Engineer - Edi Waluja,Unix Engineer - Edi Waluja,Server Engineer L1,Server Engineer,L1,grade_inferred,rule,MAPPED - level inferred from grade,Y
Wintel Engineer - James Lee,Wintel Engineer - James Lee,Server Engineer L1,Server Engineer,L1,grade_inferred,rule,MAPPED - level inferred from grade,Y
Wintel Engineer - Janzen,Wintel Engineer - Janzen,Server Engineer L1,Server Engineer,L1,grade_inferred,rule,MAPPED - level inferred from grade,Y
Wintel Engineer 2,Wintel Engineer 2,Server Engineer L1,Server Engineer,L1,grade_inferred,rule,MAPPED - level inferred from grade,Y
Wintel L1 - 1. Nitesh,Wintel L1 - 1. Nitesh,Server Engineer L1,Server Engineer,L1,name,rule,MAPPED,Y
Wintel L1 - 3. Lexx,Wintel L1 - 3. Lexx,Server Engineer L1,Server Engineer,L1,name,rule,MAPPED,Y
Wintel L1 - Pavithra,Wintel L1 - Pavithra,Server Engineer L1,Server Engineer,L1,name,rule,MAPPED,Y
Wintel L1-PAMS support 2. Veera,Wintel L1-PAMS support 2. Veera,Server Engineer L1,Server Engineer,L1,name,rule,MAPPED,Y
Wintel System Engineer,Wintel System Engineer,Server Engineer L1,Server Engineer,L1,grade_inferred,rule,MAPPED - level inferred from grade,Y
04. AFM HQ WIntel Engineer,AFM HQ WIntel Engineer,Server Engineer L2,Server Engineer,L2,grade_inferred,rule,MAPPED - level inferred from grade,Y
04. AFM WIntel Engineer,AFM WIntel Engineer,Server Engineer L2,Server Engineer,L2,grade_inferred,rule,MAPPED - level inferred from grade,Y
07. Wintel Engineer #2,Wintel Engineer,Server Engineer L2,Server Engineer,L2,grade_inferred,rule,MAPPED - level inferred from grade,Y
09. AFM Supreme Court Wintel Lead,AFM Supreme Court Wintel Lead,Server Engineer L2,Server Engineer,L2,grade_inferred,rule,MAPPED - level inferred from grade,Y
09. ATFM Linux Engineer,ATFM Linux Engineer,Server Engineer L2,Server Engineer,L2,grade_inferred,rule,MAPPED - level inferred from grade,Y
09. Linux Engineer,Linux Engineer,Server Engineer L2,Server Engineer,L2,grade_inferred,rule,MAPPED - level inferred from grade,Y
12. AFM State Courts/FJC Wintel Lead,AFM State Courts/FJC Wintel Lead,Server Engineer L2,Server Engineer,L2,grade_inferred,rule,MAPPED - level inferred from grade,Y
13. AFM State Courts/FJC Wintel Engineer #1,AFM State Courts/FJC Wintel Engineer,Server Engineer L2,Server Engineer,L2,grade_inferred,rule,MAPPED - level inferred from grade,Y
27. ATFM Linux Lead (HRC - 20251007001) - Vedarathinam Manikandakumar,ATFM Linux Lead - Vedarathinam Manikandakumar,Server Engineer L2,Server Engineer,L2,grade_inferred,rule,MAPPED - level inferred from grade,Y
27. ATFM Linux Lead (HRC - 20260105003) - Kevin Dass,ATFM Linux Lead - Kevin Dass,Server Engineer L2,Server Engineer,L2,grade_inferred,rule,MAPPED - level inferred from grade,Y
29. ATFM Supreme Court Linux Engineer #1,ATFM Supreme Court Linux Engineer,Server Engineer L2,Server Engineer,L2,grade_inferred,rule,MAPPED - level inferred from grade,Y
31. ATFM State Courts/FJC Linux Engineer (HCR2026062601423)- Eureka,ATFM State Courts/FJC Linux Engineer - Eureka,Server Engineer L2,Server Engineer,L2,grade_inferred,rule,MAPPED - level inferred from grade,Y
32. ATFM State Courts Linux Engineer (Sathya) - HRC - 20251112002,ATFM State Courts Linux Engineer - - 20251112002,Server Engineer L2,Server Engineer,L2,grade_inferred,rule,MAPPED - level inferred from grade,Y
37. TFM Supreme Court Wintel Engineer L2,TFM Supreme Court Wintel Engineer L2,Server Engineer L2,Server Engineer,L2,name,rule,MAPPED,Y
38. TFM Supreme Court Wintel Engineer L2 (Sanjeevi) - HRC - 20260227003,TFM Supreme Court Wintel Engineer L2 - - 20260227003,Server Engineer L2,Server Engineer,L2,name,rule,MAPPED,Y
39. TFM State Courts Wintel Engineer - RESIGNED,TFM State Courts Wintel Engineer - RESIGNED,Server Engineer L2,Server Engineer,L2,grade_inferred,rule,MAPPED - level inferred from grade,Y
41. TFM State Courts Wintel Engineer (HCR2026052101238) - Brandon Ong,TFM State Courts Wintel Engineer - Brandon Ong,Server Engineer L2,Server Engineer,L2,grade_inferred,rule,MAPPED - level inferred from grade,Y
80. Additional Judiciary for Staggered Shift - Wintel,Additional Judiciary for Staggered Shift - Wintel,Server Engineer L2,Server Engineer,L2,grade_inferred,rule,MAPPED - level inferred from grade,Y
81. Additional Judiciary for Staggered Shift - Wintel,Additional Judiciary for Staggered Shift - Wintel,Server Engineer L2,Server Engineer,L2,grade_inferred,rule,MAPPED - level inferred from grade,Y
82. Additional Judiciary Resource - Linux,Additional Judiciary Resource - Linux,Server Engineer L2,Server Engineer,L2,grade_inferred,rule,MAPPED - level inferred from grade,Y
LINUX / Wintel L2,LINUX / Wintel L2,Server Engineer L2,Server Engineer,L2,name,rule,MAPPED,Y
Linux,Linux,Server Engineer L2,Server Engineer,L2,grade_inferred,rule,MAPPED - level inferred from grade,Y
Linux Engineer,Linux Engineer,Server Engineer L2,Server Engineer,L2,grade_inferred,rule,MAPPED - level inferred from grade,Y
Linux Engineer - L2,Linux Engineer - L2,Server Engineer L2,Server Engineer,L2,name,rule,MAPPED,Y
Linux Engineer [ADDN REQN],Linux Engineer,Server Engineer L2,Server Engineer,L2,grade_inferred,rule,MAPPED - level inferred from grade,Y
Linux Engineer [Kapil Dev],Linux Engineer,Server Engineer L2,Server Engineer,L2,grade_inferred,rule,MAPPED - level inferred from grade,Y
Linux/Storage/Backup Engineer,Linux/Storage/Backup Engineer,Server Engineer L2,Server Engineer,L2,grade_inferred,rule,MAPPED - level inferred from grade,Y
Middleware L2 (Contract variation)  - ADDITIONAL,Middleware L2 - ADDITIONAL,Server Engineer L2,Server Engineer,L2,name,rule,MAPPED,Y
Middleware L2 - ADDITIONAL + AFM - 1,Middleware L2 - ADDITIONAL + AFM - 1,Server Engineer L2,Server Engineer,L2,name,rule,MAPPED,Y
Server (Unix) - 2,Server - 2,Server Engineer L2,Server Engineer,L2,grade_inferred,rule,MAPPED - level inferred from grade,Y
Server Engineer,Server Engineer,Server Engineer L2,Server Engineer,L2,grade_inferred,rule,MAPPED - level inferred from grade,Y
Server Engineer (Extended Support - Night Shift) -2,Server Engineer -2,Server Engineer L2,Server Engineer,L2,grade_inferred,rule,MAPPED - level inferred from grade,Y
Server Engineer - 1,Server Engineer - 1,Server Engineer L2,Server Engineer,L2,grade_inferred,rule,MAPPED - level inferred from grade,Y
Server Engineer - 2,Server Engineer - 2,Server Engineer L2,Server Engineer,L2,grade_inferred,rule,MAPPED - level inferred from grade,Y
Server Engineer - Unix,Server Engineer - Unix,Server Engineer L2,Server Engineer,L2,grade_inferred,rule,MAPPED - level inferred from grade,Y
Server Engineer - Vinoth Kumar,Server Engineer - Vinoth Kumar,Server Engineer L2,Server Engineer,L2,grade_inferred,rule,MAPPED - level inferred from grade,Y
System Engineer,System Engineer,Server Engineer L2,Server Engineer,L2,grade_inferred,rule,MAPPED - level inferred from grade,Y
System Engineer (Windows) L2,System Engineer L2,Server Engineer L2,Server Engineer,L2,name,rule,MAPPED,Y
System Engineer - Benedict,System Engineer - Benedict,Server Engineer L2,Server Engineer,L2,grade_inferred,rule,MAPPED - level inferred from grade,Y
System Engineer - Vignesh,System Engineer - Vignesh,Server Engineer L2,Server Engineer,L2,grade_inferred,rule,MAPPED - level inferred from grade,Y
System Engineer -1,System Engineer -1,Server Engineer L2,Server Engineer,L2,grade_inferred,rule,MAPPED - level inferred from grade,Y
System Engineer 2,System Engineer 2,Server Engineer L2,Server Engineer,L2,grade_inferred,rule,MAPPED - level inferred from grade,Y
System Engineer L2,System Engineer L2,Server Engineer L2,Server Engineer,L2,name,rule,MAPPED,Y
System Engineer PSS Man Day,System Engineer PSS Man Day,Server Engineer L2,Server Engineer,L2,grade_inferred,rule,MAPPED - level inferred from grade,Y
System Engineer PSS Man Days,System Engineer PSS Man Days,Server Engineer L2,Server Engineer,L2,grade_inferred,rule,MAPPED - level inferred from grade,Y
Systems Engineer,Systems Engineer,Server Engineer L2,Server Engineer,L2,grade_inferred,rule,MAPPED - level inferred from grade,Y
Unix Engineer,Unix Engineer,Server Engineer L2,Server Engineer,L2,grade_inferred,rule,MAPPED - level inferred from grade,Y
Unix Engineer - Justin Soh,Unix Engineer - Justin Soh,Server Engineer L2,Server Engineer,L2,grade_inferred,rule,MAPPED - level inferred from grade,Y
Unix L2 - AFM,Unix L2 - AFM,Server Engineer L2,Server Engineer,L2,name,rule,MAPPED,Y
Unix L2-OTE Options - Ashok,Unix L2-OTE Options - Ashok,Server Engineer L2,Server Engineer,L2,name,rule,MAPPED,Y
WINTEL - L2,WINTEL - L2,Server Engineer L2,Server Engineer,L2,name,rule,MAPPED,Y
WINTEL L2 - 2,WINTEL L2 - 2,Server Engineer L2,Server Engineer,L2,name,rule,MAPPED,Y
Windows/Linux/Storage Engineer,Windows/Linux/Storage Engineer,Server Engineer L2,Server Engineer,L2,grade_inferred,rule,MAPPED - level inferred from grade,Y
Wintel,Wintel,Server Engineer L2,Server Engineer,L2,grade_inferred,rule,MAPPED - level inferred from grade,Y
Wintel - L2 -BAU,Wintel - L2 -BAU,Server Engineer L2,Server Engineer,L2,name,rule,MAPPED,Y
Wintel Engineer,Wintel Engineer,Server Engineer L2,Server Engineer,L2,grade_inferred,rule,MAPPED - level inferred from grade,Y
Wintel Engineer  - Backfill Engineer,Wintel Engineer - Backfill Engineer,Server Engineer L2,Server Engineer,L2,grade_inferred,rule,MAPPED - level inferred from grade,Y
Wintel Engineer - 2,Wintel Engineer - 2,Server Engineer L2,Server Engineer,L2,grade_inferred,rule,MAPPED - level inferred from grade,Y
Wintel Engineer 1,Wintel Engineer 1,Server Engineer L2,Server Engineer,L2,grade_inferred,rule,MAPPED - level inferred from grade,Y
Wintel Engineer 3,Wintel Engineer 3,Server Engineer L2,Server Engineer,L2,grade_inferred,rule,MAPPED - level inferred from grade,Y
Wintel Engineer 3a,Wintel Engineer 3a,Server Engineer L2,Server Engineer,L2,grade_inferred,rule,MAPPED - level inferred from grade,Y
Wintel Engineer L2 - AFM -1,Wintel Engineer L2 - AFM -1,Server Engineer L2,Server Engineer,L2,name,rule,MAPPED,Y
Wintel Engineer L2 - AFM- 2,Wintel Engineer L2 - AFM- 2,Server Engineer L2,Server Engineer,L2,name,rule,MAPPED,Y
Wintel L2,Wintel L2,Server Engineer L2,Server Engineer,L2,name,rule,MAPPED,Y
Wintel L2 (AFM + TFM) - 1,Wintel L2 - 1,Server Engineer L2,Server Engineer,L2,name,rule,MAPPED,Y
Wintel L2 (AFM + TFM) - 2,Wintel L2 - 2,Server Engineer L2,Server Engineer,L2,name,rule,MAPPED,Y
Wintel L2 (BAU),Wintel L2,Server Engineer L2,Server Engineer,L2,name,rule,MAPPED,Y
Wintel L2 - 1 Pratap,Wintel L2 - 1 Pratap,Server Engineer L2,Server Engineer,L2,name,rule,MAPPED,Y
Wintel L2 - 2 Arjunan,Wintel L2 - 2 Arjunan,Server Engineer L2,Server Engineer,L2,name,rule,MAPPED,Y
Wintel L2 - 2. Sabir,Wintel L2 - 2. Sabir,Server Engineer L2,Server Engineer,L2,name,rule,MAPPED,Y
Wintel L2 - 4 Logha,Wintel L2 - 4 Logha,Server Engineer L2,Server Engineer,L2,name,rule,MAPPED,Y
Wintel L2 To be hired  - 3,Wintel L2 To be hired - 3,Server Engineer L2,Server Engineer,L2,name,rule,MAPPED,Y
Wintel L2 To be hired  - 4,Wintel L2 To be hired - 4,Server Engineer L2,Server Engineer,L2,name,rule,MAPPED,Y
Wintel L2 [BAU],Wintel L2,Server Engineer L2,Server Engineer,L2,name,rule,MAPPED,Y
Wintel L2-OTE Options,Wintel L2-OTE Options,Server Engineer L2,Server Engineer,L2,name,rule,MAPPED,Y
Wintel L2-OTE Options 1. Keerthi,Wintel L2-OTE Options 1. Keerthi,Server Engineer L2,Server Engineer,L2,name,rule,MAPPED,Y
Wintel L2-OTE Options 2. Praveen,Wintel L2-OTE Options 2. Praveen,Server Engineer L2,Server Engineer,L2,name,rule,MAPPED,Y
Wintel L2-OTE Options 4. Padma,Wintel L2-OTE Options 4. Padma,Server Engineer L2,Server Engineer,L2,name,rule,MAPPED,Y
Wintel L2-PAMS support  Hari ( Dec joining),Wintel L2-PAMS support Hari,Server Engineer L2,Server Engineer,L2,name,rule,MAPPED,Y
Wintel/ Unix L2 - BAU [AFM],Wintel/ Unix L2 - BAU,Server Engineer L2,Server Engineer,L2,name,rule,MAPPED,Y
"Wintel/Linux/Storage Engineer [Rajarethinam Meikandadesik, DOJ 1Apr]",Wintel/Linux/Storage Engineer,Server Engineer L2,Server Engineer,L2,grade_inferred,rule,MAPPED - level inferred from grade,Y
SERVER - Lead - L3 Naveen,SERVER - Lead - L3 Naveen,Server Engineer L3,Server Engineer,L3,name,rule,MAPPED,Y
Helpdesk,Helpdesk,Service Desk Agent,Service Desk Agent,,,rule,MAPPED,Y
NOC Engineer,NOC Engineer,Service Desk Agent,Service Desk Agent,,,rule,MAPPED,Y
Response Centre Engineer,Response Centre Engineer,Service Desk Agent,Service Desk Agent,,,rule,MAPPED,Y
Response Centre Lead,Response Centre Lead,Service Desk Agent,Service Desk Agent,,,rule,MAPPED,Y
Response Centre Manager,Response Centre Manager,Service Desk Agent,Service Desk Agent,,,rule,MAPPED,Y
Service Desk,Service Desk,Service Desk Agent,Service Desk Agent,,,rule,MAPPED,Y
Service Desk (Asst TL cum Quality Analyst),Service Desk,Service Desk Agent,Service Desk Agent,,,rule,MAPPED,Y
Service Desk Engineer,Service Desk Engineer,Service Desk Agent,Service Desk Agent,,,rule,MAPPED,Y
Service Desk L1 - 1,Service Desk L1 - 1,Service Desk Agent,Service Desk Agent,,,rule,MAPPED,Y
Service Desk L1 - 4,Service Desk L1 - 4,Service Desk Agent,Service Desk Agent,,,rule,MAPPED,Y
Service Desk L1 -1,Service Desk L1 -1,Service Desk Agent,Service Desk Agent,,,rule,MAPPED,Y
Service Desk L1 -2,Service Desk L1 -2,Service Desk Agent,Service Desk Agent,,,rule,MAPPED,Y
Service Desk L1 -3,Service Desk L1 -3,Service Desk Agent,Service Desk Agent,,,rule,MAPPED,Y
Service Desk L1 -5,Service Desk L1 -5,Service Desk Agent,Service Desk Agent,,,rule,MAPPED,Y
Service Desk L2 -1,Service Desk L2 -1,Service Desk Agent,Service Desk Agent,,,rule,MAPPED,Y
Service Desk L2 -2,Service Desk L2 -2,Service Desk Agent,Service Desk Agent,,,rule,MAPPED,Y
Service Desk QA,Service Desk QA,Service Desk Agent,Service Desk Agent,,,rule,MAPPED,Y
Service desk Team Lead,Service desk Team Lead,Service Desk Agent,Service Desk Agent,,,rule,MAPPED,Y
Servicedesk Anaylst,Servicedesk Anaylst,Service Desk Agent,Service Desk Agent,,,rule,MAPPED,Y
ServiceDesk Lead,ServiceDesk Lead,Service Desk Lead,Service Desk Lead,,,rule,MAPPED,Y
Service Desk Manager,Service Desk Manager,Service Desk Mgr,Service Desk Mgr,,,rule,MAPPED,Y
92. Cloud Shared Services - SA,Cloud Shared Services - SA,Technical Architect,Technical Architect,,,rule,MAPPED,Y
Advisory Architect,Advisory Architect,Technical Architect,Technical Architect,,,rule,MAPPED,Y
SA,SA,Technical Architect,Technical Architect,,,rule,MAPPED,Y
Service Assurance Architect,Service Assurance Architect,Technical Architect,Technical Architect,,,rule,MAPPED,Y
Solution Architect,Solution Architect,Technical Architect,Technical Architect,,,mapping_sheet,MAPPED,Y
Solution Arcihtect,Solution Arcihtect,Technical Architect,Technical Architect,,,rule,MAPPED,Y
Technical Architect,Technical Architect,Technical Architect,Technical Architect,,,rule,MAPPED,Y
"Engineer, IT Testing","Engineer, IT Testing",Tester/QA,Tester/QA,,,rule,MAPPED,Y
QA,QA,Tester/QA,Tester/QA,,,rule,MAPPED,Y
Tester,Tester,Tester/QA,Tester/QA,,,rule,MAPPED,Y
Application Performance Monitoring Engineer,Application Performance Monitoring Engineer,Tools Engineer L2 (Observability),Tools Engineer (Observability),L2,grade_inferred,rule,MAPPED - level inferred from grade,Y
ITSM Tools Engineer,ITSM Tools Engineer,Tools Engineer L2 (Observability),Tools Engineer (Observability),L2,grade_inferred,rule,MAPPED - level inferred from grade,Y
APM Engineer,APM Engineer,Tools Engineer L3 (Observability),Tools Engineer (Observability),L3,grade_inferred,rule,MAPPED - level inferred from grade,Y
Day1 APM Support,Day1 APM Support,Tools Engineer L3 (Observability),Tools Engineer (Observability),L3,grade_inferred,rule,MAPPED - level inferred from grade,Y
00. ATFM CSP,ATFM CSP,UNMAPPED - FOR REVIEW,,,,unmapped,FOR REVIEW,
00. CSP,CSP,UNMAPPED - FOR REVIEW,,,,unmapped,FOR REVIEW,
00.. ATFM CSP,ATFM CSP,UNMAPPED - FOR REVIEW,,,,unmapped,FOR REVIEW,
34. TFM Supreme Court Lead (HCR2026061601378) - Lincoln Tan,TFM Supreme Court Lead - Lincoln Tan,UNMAPPED - FOR REVIEW,,,,unmapped,FOR REVIEW,
35. TFM Supreme Court Engineer L1,TFM Supreme Court Engineer L1,UNMAPPED - FOR REVIEW,,,,unmapped,FOR REVIEW,
36. TFM Supreme Court Engineer -HRC - 20260224007,TFM Supreme Court Engineer - - 20260224007,UNMAPPED - FOR REVIEW,,,,unmapped,FOR REVIEW,
38. TFM State Courts/FJC Lead,TFM State Courts/FJC Lead,UNMAPPED - FOR REVIEW,,,,unmapped,FOR REVIEW,
38. TFM State Courts/FJC Lead - (HRC - 20260227003) - Chong Zhen Rong,TFM State Courts/FJC Lead - - Chong Zhen Rong,UNMAPPED - FOR REVIEW,,,,unmapped,FOR REVIEW,
Arni Somo,Arni Somo,UNMAPPED - FOR REVIEW,,,,unmapped,FOR REVIEW,
Associate Operation Mgmt Specialist,Associate Operation Mgmt Specialist,UNMAPPED - FOR REVIEW,,,,unmapped,FOR REVIEW,
Backfill + PSS (70% - 30% split),Backfill + PSS,UNMAPPED - FOR REVIEW,,,,unmapped,FOR REVIEW,
CSP,CSP,UNMAPPED - FOR REVIEW,,,,unmapped,FOR REVIEW,
Client Success Partner,Client Success Partner,UNMAPPED - FOR REVIEW,,,,unmapped,FOR REVIEW,
Client Success Partner [BAU],Client Success Partner,UNMAPPED - FOR REVIEW,,,,unmapped,FOR REVIEW,
Client Sucess Partner,Client Sucess Partner,UNMAPPED - FOR REVIEW,,,,unmapped,FOR REVIEW,
Corp Ops Manager,Corp Ops Manager,UNMAPPED - FOR REVIEW,,,,unmapped,FOR REVIEW,
Customer Service Support Manager,Customer Service Support Manager,UNMAPPED - FOR REVIEW,,,,unmapped,FOR REVIEW,
Customer Success Partner,Customer Success Partner,UNMAPPED - FOR REVIEW,,,,unmapped,FOR REVIEW,
DBA1- 1. Quan Sheng,DBA1- 1. Quan Sheng,UNMAPPED - FOR REVIEW,,,,unmapped,FOR REVIEW,
DBA2 - 2. Hameed,DBA2 - 2. Hameed,UNMAPPED - FOR REVIEW,,,,unmapped,FOR REVIEW,
DBA3 - 3. Kavinilavu,DBA3 - 3. Kavinilavu,UNMAPPED - FOR REVIEW,,,,unmapped,FOR REVIEW,
Day 1,Day 1,UNMAPPED - FOR REVIEW,,,,unmapped,FOR REVIEW,
Day 1 - (2),Day 1,UNMAPPED - FOR REVIEW,,,,unmapped,FOR REVIEW,
Day 1 Team,Day 1 Team,UNMAPPED - FOR REVIEW,,,,unmapped,FOR REVIEW,
Day 1 Tools Team (CyberArk Onboard),Day 1 Tools Team,UNMAPPED - FOR REVIEW,,,,unmapped,FOR REVIEW,
Day 2 Support,Day 2 Support,UNMAPPED - FOR REVIEW,,,,unmapped,FOR REVIEW,
Delivery,Delivery,UNMAPPED - FOR REVIEW,,,,unmapped,FOR REVIEW,
Delivery Assurance,Delivery Assurance,UNMAPPED - FOR REVIEW,,,,unmapped,FOR REVIEW,
Delivery Engineer,Delivery Engineer,UNMAPPED - FOR REVIEW,,,,unmapped,FOR REVIEW,
IT Engineer (2),IT Engineer,UNMAPPED - FOR REVIEW,,,,unmapped,FOR REVIEW,
IT Security Mananger (Shared) (Ho SI Hao,IT Security Mananger (Ho SI Hao,UNMAPPED - FOR REVIEW,,,,unmapped,FOR REVIEW,
IT Service Delivery Ops,IT Service Delivery Ops,UNMAPPED - FOR REVIEW,,,,unmapped,FOR REVIEW,
Infra Support Engineer,Infra Support Engineer,UNMAPPED - FOR REVIEW,,,,unmapped,FOR REVIEW,
L2 Engineer,L2 Engineer,UNMAPPED - FOR REVIEW,,,,unmapped,FOR REVIEW,
L3 Engineer,L3 Engineer,UNMAPPED - FOR REVIEW,,,,unmapped,FOR REVIEW,
LPS delivery POC,LPS delivery POC,UNMAPPED - FOR REVIEW,,,,unmapped,FOR REVIEW,
Logha,Logha,UNMAPPED - FOR REVIEW,,,,unmapped,FOR REVIEW,
Logha Ramaa Shree,Logha Ramaa Shree,UNMAPPED - FOR REVIEW,,,,unmapped,FOR REVIEW,
MGR - L1 -Simbu,MGR - L1 -Simbu,UNMAPPED - FOR REVIEW,,,,unmapped,FOR REVIEW,
MGR - L1 [ TS Lead ],MGR - L1,UNMAPPED - FOR REVIEW,,,,unmapped,FOR REVIEW,
Mohandoss Prakash,Mohandoss Prakash,UNMAPPED - FOR REVIEW,,,,unmapped,FOR REVIEW,
Nutanix Engineer,Nutanix Engineer,UNMAPPED - FOR REVIEW,,,,unmapped,FOR REVIEW,
OM,OM,UNMAPPED - FOR REVIEW,,,,unmapped,FOR REVIEW,
OM - Add Req.,OM - Add Req.,UNMAPPED - FOR REVIEW,,,,unmapped,FOR REVIEW,
OPENSOURCE,OPENSOURCE,UNMAPPED - FOR REVIEW,,,,unmapped,FOR REVIEW,
Operation Mgmt,Operation Mgmt,UNMAPPED - FOR REVIEW,,,,unmapped,FOR REVIEW,
Operation Mgmt Professional,Operation Mgmt Professional,UNMAPPED - FOR REVIEW,,,,unmapped,FOR REVIEW,
Operation Mgmt Professional •,Operation Mgmt Professional •,UNMAPPED - FOR REVIEW,,,,unmapped,FOR REVIEW,
Operation Officer,Operation Officer,UNMAPPED - FOR REVIEW,,,,unmapped,FOR REVIEW,
Operations Specialist,Operations Specialist,UNMAPPED - FOR REVIEW,,,,unmapped,FOR REVIEW,
Ops Manager,Ops Manager,UNMAPPED - FOR REVIEW,,,,unmapped,FOR REVIEW,
PMO,PMO,UNMAPPED - FOR REVIEW,,,,unmapped,FOR REVIEW,
PMO Executive,PMO Executive,UNMAPPED - FOR REVIEW,,,,unmapped,FOR REVIEW,
PMO Team Lead,PMO Team Lead,UNMAPPED - FOR REVIEW,,,,unmapped,FOR REVIEW,
PMO_LeeYean,PMO_LeeYean,UNMAPPED - FOR REVIEW,,,,unmapped,FOR REVIEW,
PSS Mandays -1,PSS Mandays -1,UNMAPPED - FOR REVIEW,,,,unmapped,FOR REVIEW,
Pre-sales,Pre-sales,UNMAPPED - FOR REVIEW,,,,unmapped,FOR REVIEW,
Presales,Presales,UNMAPPED - FOR REVIEW,,,,unmapped,FOR REVIEW,
Procurement Officer,Procurement Officer,UNMAPPED - FOR REVIEW,,,,unmapped,FOR REVIEW,
Project Coordinator - Suranjini,Project Coordinator - Suranjini,UNMAPPED - FOR REVIEW,,,,unmapped,FOR REVIEW,
Project Delivery,Project Delivery,UNMAPPED - FOR REVIEW,,,,unmapped,FOR REVIEW,
Project Director,Project Director,UNMAPPED - FOR REVIEW,,,,unmapped,FOR REVIEW,
Project Managet,Project Managet,UNMAPPED - FOR REVIEW,,,,unmapped,FOR REVIEW,
Project Officer,Project Officer,UNMAPPED - FOR REVIEW,,,,unmapped,FOR REVIEW,
Quality Manager,Quality Manager,UNMAPPED - FOR REVIEW,,,,unmapped,FOR REVIEW,
Raghavendra,Raghavendra,UNMAPPED - FOR REVIEW,,,,unmapped,FOR REVIEW,
Resource Manager,Resource Manager,UNMAPPED - FOR REVIEW,,,,unmapped,FOR REVIEW,
S Boopathi,S Boopathi,UNMAPPED - FOR REVIEW,,,,unmapped,FOR REVIEW,
SME,SME,UNMAPPED - FOR REVIEW,,,,unmapped,FOR REVIEW,
SM_Lee_Yean,SM_Lee_Yean,UNMAPPED - FOR REVIEW,,,,unmapped,FOR REVIEW,
Senior Client Partner,Senior Client Partner,UNMAPPED - FOR REVIEW,,,,unmapped,FOR REVIEW,
SharePoint Engineer [ADDN REQN],SharePoint Engineer,UNMAPPED - FOR REVIEW,,,,unmapped,FOR REVIEW,
Shwetha's Team,Shwetha's Team,UNMAPPED - FOR REVIEW,,,,unmapped,FOR REVIEW,
Sr Operation Mgmt Specialist,Sr Operation Mgmt Specialist,UNMAPPED - FOR REVIEW,,,,unmapped,FOR REVIEW,
Sureshkumar Rathinavel,Sureshkumar Rathinavel,UNMAPPED - FOR REVIEW,,,,unmapped,FOR REVIEW,
System Analyst (Migration-N),System Analyst,UNMAPPED - FOR REVIEW,,,,unmapped,FOR REVIEW,
System Lead,System Lead,UNMAPPED - FOR REVIEW,,,,unmapped,FOR REVIEW,
TS Lead - BAU,TS Lead - BAU,UNMAPPED - FOR REVIEW,,,,unmapped,FOR REVIEW,
TSM/ OM L2- AFM,TSM/ OM L2- AFM,UNMAPPED - FOR REVIEW,,,,unmapped,FOR REVIEW,
Tech Lead,Tech Lead,UNMAPPED - FOR REVIEW,,,,unmapped,FOR REVIEW,
Technical Writer,Technical Writer,UNMAPPED - FOR REVIEW,,,,unmapped,FOR REVIEW,
Vignesh P,Vignesh P,UNMAPPED - FOR REVIEW,,,,unmapped,FOR REVIEW,
Year 1 and Year 2 - BAU -1,Year 1 and Year 2 - BAU -1,UNMAPPED - FOR REVIEW,,,,unmapped,FOR REVIEW,
Year 1 and Year 2 - BAU -2,Year 1 and Year 2 - BAU -2,UNMAPPED - FOR REVIEW,,,,unmapped,FOR REVIEW,
Year 1 and Year 2 - BAU -3,Year 1 and Year 2 - BAU -3,UNMAPPED - FOR REVIEW,,,,unmapped,FOR REVIEW,
Year 1 and Year 2 - BAU -4,Year 1 and Year 2 - BAU -4,UNMAPPED - FOR REVIEW,,,,unmapped,FOR REVIEW,
Year 1 and Year 2 - BAU -6,Year 1 and Year 2 - BAU -6,UNMAPPED - FOR REVIEW,,,,unmapped,FOR REVIEW,
