Review Flag,Position Name,PRP rows,QL rows,Grade(s),Example Project ID,Example Customer,Skill family (from Skill),Skill-Inferred Role (suggestion),Standard Role (please fill)
FOR REVIEW - position name unmapped,Day 1 Team,18,18,"6, 7, 8, 9",PROJ-00011519,MINISTRY OF TRADE AND INDUSTRY,CLOUD,Cloud Engineer L2,
FOR REVIEW - position name unmapped,Technical Writer,15,15,8,PROJ-00003472,"AGENCY FOR SCIENCE, TECHNOLOGY AND RESEARCH",WORKPLACE,Mobile/Desktop Engineer,
FOR REVIEW - position name unmapped,CSP,8,8,8,PROJ-00007228,SINGAPORE POLICE FORCE,SECURITY,IT Security Officer,
FOR REVIEW - position name unmapped,Delivery,6,6,"6, 8",PROJ-00003472,"AGENCY FOR SCIENCE, TECHNOLOGY AND RESEARCH",PROJECT_MGMT,Project Manager,
FOR REVIEW - position name unmapped,Project Director,5,5,8,PROJ-00007233,IMMIGRATION & CHECKPOINTS AUTHORITY,SECURITY,IT Security Officer,
FOR REVIEW - position name unmapped,Client Success Partner,4,4,8,PROJ-00007226,SINGAPORE PRISON SERVICE,SECURITY,IT Security Officer,
FOR REVIEW - position name unmapped,Quality Manager,4,4,8,PROJ-00003190,"AGENCY FOR SCIENCE, TECHNOLOGY AND RESEARCH",DATABASE,DBA L2,
FOR REVIEW - position name unmapped,IT Engineer (2),3,3,7,PROJ-00006699,HOME TEAM SCIENCE AND TECHNOLOGY AGENCY,,,
FOR REVIEW - position name unmapped,Operation Mgmt Professional,3,3,8,PROJ-00011247,"AGENCY FOR SCIENCE, TECHNOLOGY AND RESEARCH",NETWORK,Network Engineer L3,
FOR REVIEW - position name unmapped,00. ATFM CSP,2,2,8,PROJ-00010844,INTELLECTUAL PROPERTY OFFICE OF SINGAPORE,CLOUD,Cloud Engineer L2,
FOR REVIEW - position name unmapped,Backfill + PSS (70% - 30% split),2,2,"3, 5",PROJ-00009735,TOTE BOARD,NETWORK,Network Engineer L1,
FOR REVIEW - position name unmapped,Client Success Partner [BAU],2,2,8,PROJ-00010674,MINISTRY OF SUSTAINABILITY AND THE ENVIRONMENT,,,
FOR REVIEW - position name unmapped,Customer Service Support Manager,2,2,4,PROJ-00010542,MARITIME AND PORT AUTHORITY OF SINGAPORE,PROJECT_MGMT,Project Manager,
FOR REVIEW - position name unmapped,Nutanix Engineer,2,2,7,PROJ-00001918,,INFRA_OS,Server Engineer L2,
FOR REVIEW - position name unmapped,Operation Mgmt Professional •,2,2,8,PROJ-00011247,"AGENCY FOR SCIENCE, TECHNOLOGY AND RESEARCH",PROJECT_MGMT,Project Manager,
FOR REVIEW - position name unmapped,Pre-sales,2,2,"7, 9",PROJ-00008029,Hong Kong Telecommunications (HKT) Limited,PROJECT_MGMT,Project Manager,
FOR REVIEW - position name unmapped,Project Officer,2,2,5,PROJ-00006699,HOME TEAM SCIENCE AND TECHNOLOGY AGENCY,,,
FOR REVIEW - position name unmapped,Raghavendra,2,2,8,PROJ-00010763,INSTITUTE OF TECHNICAL EDUCATION,,,
FOR REVIEW - position name unmapped,SM_Lee_Yean,2,2,7,PROJ-00007268,Hong Kong Telecommunications (HKT) Limited,PROJECT_MGMT,Project Manager,
FOR REVIEW - position name unmapped,00. CSP,1,1,8,PROJ-00007234,CENTRAL NARCOTICS BUREAU,PROJECT_MGMT,Project Manager,
FOR REVIEW - position name unmapped,00.. ATFM CSP,1,1,8,PROJ-00010568,PARLIAMENT OF SINGAPORE,CLOUD,Cloud Engineer L2,
FOR REVIEW - position name unmapped,34. TFM Supreme Court Lead (HCR2026061601378) - Lincoln Tan,1,1,7,PROJ-00010706,OSSC,,,
FOR REVIEW - position name unmapped,35. TFM Supreme Court Engineer L1,1,1,6,PROJ-00010706,OSSC,DATABASE,DBA L2,
FOR REVIEW - position name unmapped,36. TFM Supreme Court Engineer -HRC - 20260224007,1,1,7,PROJ-00010706,OSSC,,,
FOR REVIEW - position name unmapped,38. TFM State Courts/FJC Lead,1,1,7,PROJ-00010706,OSSC,CLOUD,Cloud Engineer L2,
FOR REVIEW - position name unmapped,38. TFM State Courts/FJC Lead - (HRC - 20260227003) - Chong Zhen Rong,1,1,7,PROJ-00010706,OSSC,,,
FOR REVIEW - position name unmapped,Arni Somo,1,1,6,PROJ-00010709,ISEAS - YUSOF ISHAK INSTITUTE,,,
FOR REVIEW - position name unmapped,Associate Operation Mgmt Specialist,1,1,6,PROJ-00001918,,DATA_ANALYTICS,Data Analyst,
FOR REVIEW - position name unmapped,Client Sucess Partner,1,1,8,PROJ-00010775,MINISTRY OF TRADE AND INDUSTRY,SECURITY,IT Security Officer,
FOR REVIEW - position name unmapped,Corp Ops Manager,1,1,6,PROJ-00011247,"AGENCY FOR SCIENCE, TECHNOLOGY AND RESEARCH",WORKPLACE,Mobile/Desktop Engineer,
FOR REVIEW - position name unmapped,Customer Success Partner,1,1,8,PROJ-00011064,"AGENCY FOR SCIENCE, TECHNOLOGY AND RESEARCH",PROJECT_MGMT,Project Manager,
FOR REVIEW - position name unmapped,DBA1- 1. Quan Sheng,1,1,7,PROJ-00007228,SINGAPORE POLICE FORCE,,,
FOR REVIEW - position name unmapped,DBA2 - 2. Hameed,1,1,8,PROJ-00007228,SINGAPORE POLICE FORCE,DATABASE,DBA L2,
FOR REVIEW - position name unmapped,DBA3 - 3. Kavinilavu,1,1,7,PROJ-00007228,SINGAPORE POLICE FORCE,SECURITY,IT Security Officer,
FOR REVIEW - position name unmapped,Day 1,1,1,8,PROJ-00010773,SINGAPORE POLICE FORCE,NETWORK,Network Engineer L3,
FOR REVIEW - position name unmapped,Day 1 - (2),1,1,7,PROJ-00010773,SINGAPORE POLICE FORCE,CLOUD,Cloud Engineer L2,
FOR REVIEW - position name unmapped,Day 1 Tools Team (CyberArk Onboard),1,1,7,PROJ-00011150,ENERGY MARKET AUTHORITY,DATABASE,DBA L2,
FOR REVIEW - position name unmapped,Day 2 Support,1,1,7,PROJ-00010773,SINGAPORE POLICE FORCE,,,
FOR REVIEW - position name unmapped,Delivery Assurance,1,1,8,PROJ-00011518,THOMSON MEDICAL GROUP LIMITED,DATABASE,DBA L2,
FOR REVIEW - position name unmapped,Delivery Engineer,1,1,7,PROJ-00001273,HOME TEAM SCIENCE AND TECHNOLOGY AGENCY,,,
FOR REVIEW - position name unmapped,IT Security Mananger (Shared) (Ho SI Hao,1,1,8,PROJ-00007232,SINGAPORE CIVIL DEFENCE FORCE,SECURITY,IT Security Officer,
FOR REVIEW - position name unmapped,IT Service Delivery Ops,1,1,8,PROJ-00001918,,CLOUD,Cloud Engineer L2,
FOR REVIEW - position name unmapped,Infra Support Engineer,1,1,6,PROJ-00006699,HOME TEAM SCIENCE AND TECHNOLOGY AGENCY,,,
FOR REVIEW - position name unmapped,L2 Engineer,1,1,7,PROJ-00007133,CENTRAL NARCOTICS BUREAU,,,
FOR REVIEW - position name unmapped,L3 Engineer,1,1,8,PROJ-00007133,CENTRAL NARCOTICS BUREAU,,,
FOR REVIEW - position name unmapped,LPS delivery POC,1,1,7,PROJ-00010325,The ASEAN+3 MACROECONOMIC RESEARCH OFFICE,,,
FOR REVIEW - position name unmapped,Logha,1,1,7,PROJ-00010709,ISEAS - YUSOF ISHAK INSTITUTE,,,
FOR REVIEW - position name unmapped,Logha Ramaa Shree,1,1,7,PROJ-00010625,NGEE ANN POLYTECHNIC,,,
FOR REVIEW - position name unmapped,MGR - L1 -Simbu,1,1,8,PROJ-00007228,SINGAPORE POLICE FORCE,INFRA_OS,Server Engineer L2,
FOR REVIEW - position name unmapped,MGR - L1 [ TS Lead ],1,1,8,PROJ-00010734,MAJLIS UGAMA ISLAM SINGAPURA,,,
FOR REVIEW - position name unmapped,Mohandoss Prakash,1,1,7,PROJ-00009701,URBAN REDEVELOPMENT AUTHORITY,,,
FOR REVIEW - position name unmapped,OM,1,1,7,PROJ-00010584,SINGAPORE FOOD AGENCY,,,
FOR REVIEW - position name unmapped,OM - Add Req.,1,1,7,PROJ-00009735,TOTE BOARD,CLOUD,Cloud Engineer L2,
FOR REVIEW - position name unmapped,OPENSOURCE,1,1,6,PROJ-00010633,VITAL.ORG,,,
FOR REVIEW - position name unmapped,Operation Mgmt,1,1,5,PROJ-00007233,IMMIGRATION & CHECKPOINTS AUTHORITY,PROJECT_MGMT,Project Manager,
FOR REVIEW - position name unmapped,Operation Officer,1,1,5,PROJ-00010773,SINGAPORE POLICE FORCE,WORKPLACE,Mobile/Desktop Engineer,
FOR REVIEW - position name unmapped,Operations Specialist,1,1,4,PROJ-00001918,,,,
FOR REVIEW - position name unmapped,Ops Manager,1,1,6,PROJ-00011210,"AGENCY FOR SCIENCE, TECHNOLOGY AND RESEARCH",WORKPLACE,Mobile/Desktop Engineer,
FOR REVIEW - position name unmapped,PMO,1,1,4,PROJ-00001918,,,,
FOR REVIEW - position name unmapped,PMO Executive,1,1,5,PROJ-00001918,,,,
FOR REVIEW - position name unmapped,PMO Team Lead,1,1,7,PROJ-00001918,,,,
FOR REVIEW - position name unmapped,PMO_LeeYean,1,1,7,PROJ-00011189,Hong Kong Telecommunications (HKT) Limited,PROJECT_MGMT,Project Manager,
FOR REVIEW - position name unmapped,PSS Mandays -1,1,1,7,PROJ-00010584,SINGAPORE FOOD AGENCY,SECURITY,IT Security Officer,
FOR REVIEW - position name unmapped,Presales,1,1,9,PROJ-00003499,,SECURITY,IT Security Officer,
FOR REVIEW - position name unmapped,Procurement Officer,1,1,5,PROJ-00001918,,,,
FOR REVIEW - position name unmapped,Project Coordinator - Suranjini,1,1,5,PRJFAF28C81,SINGAPORE CIVIL DEFENCE FORCE,,,
FOR REVIEW - position name unmapped,Project Delivery,1,1,8,PROJ-00008783,HOME TEAM SCIENCE AND TECHNOLOGY AGENCY,PROJECT_MGMT,Project Manager,
FOR REVIEW - position name unmapped,Project Managet,1,1,7,PROJ-00011964,BW DIGITAL PTE. LTD.,,,
FOR REVIEW - position name unmapped,Resource Manager,1,1,8,PROJ-00001918,,SERVICE_MGMT,IT Service Mgt Engineer,
FOR REVIEW - position name unmapped,S Boopathi,1,1,7,PROJ-00010763,INSTITUTE OF TECHNICAL EDUCATION,,,
FOR REVIEW - position name unmapped,SME,1,1,5,PRJFF4702ED,"AGENCY FOR SCIENCE, TECHNOLOGY AND RESEARCH",,,
FOR REVIEW - position name unmapped,Senior Client Partner,1,1,8,PROJ-00010698,ENERGY MARKET AUTHORITY,SECURITY,IT Security Officer,
FOR REVIEW - position name unmapped,SharePoint Engineer [ADDN REQN],1,1,7,PROJ-00010674,MINISTRY OF SUSTAINABILITY AND THE ENVIRONMENT,,,
FOR REVIEW - position name unmapped,Shwetha's Team,1,1,7,PROJ-00010629,"MINISTRY OF CULTURE, COMMUNITY AND YOUTH",CLOUD,Cloud Engineer L2,
FOR REVIEW - position name unmapped,Sr Operation Mgmt Specialist,1,1,7,PROJ-00007233,IMMIGRATION & CHECKPOINTS AUTHORITY,SECURITY,IT Security Officer,
FOR REVIEW - position name unmapped,Sureshkumar Rathinavel,1,1,7,PROJ-00009701,URBAN REDEVELOPMENT AUTHORITY,,,
FOR REVIEW - position name unmapped,System Analyst (Migration-N),1,1,7,PROJ-00003059,Hong Kong Telecommunications (HKT) Limited,PROJECT_MGMT,Project Manager,
FOR REVIEW - position name unmapped,System Lead,1,1,8,PROJ-00011160,HOME TEAM SCIENCE AND TECHNOLOGY AGENCY,INFRA_OS,Server Engineer L2,
FOR REVIEW - position name unmapped,TS Lead - BAU,1,1,8,PROJ-00010639,THE ACCOUNTING AND CORPORATE REGULATORY AUTHORITY,,,
FOR REVIEW - position name unmapped,TSM/ OM L2- AFM,1,1,7,PROJ-00009701,URBAN REDEVELOPMENT AUTHORITY,CLOUD,Cloud Engineer L2,
FOR REVIEW - position name unmapped,Tech Lead,1,1,8,PRJ7FF55244,SMRT CORPORATION LTD,PROJECT_MGMT,Project Manager,
FOR REVIEW - position name unmapped,Vignesh P,1,1,7,PROJ-00010763,INSTITUTE OF TECHNICAL EDUCATION,,,
FOR REVIEW - position name unmapped,Year 1 and Year 2 - BAU -1,1,1,8,PROJ-00007010,DESIGNSINGAPORE COUNCIL PTE. LTD.,PROJECT_MGMT,Project Manager,
FOR REVIEW - position name unmapped,Year 1 and Year 2 - BAU -2,1,1,3,PROJ-00007010,DESIGNSINGAPORE COUNCIL PTE. LTD.,SECURITY,IT Security Officer,
FOR REVIEW - position name unmapped,Year 1 and Year 2 - BAU -3,1,1,4,PROJ-00007010,DESIGNSINGAPORE COUNCIL PTE. LTD.,SERVICE_MGMT,IT Service Mgt Engineer,
FOR REVIEW - position name unmapped,Year 1 and Year 2 - BAU -4,1,1,7,PROJ-00007010,DESIGNSINGAPORE COUNCIL PTE. LTD.,WORKPLACE,Mobile/Desktop Engineer,
FOR REVIEW - position name unmapped,Year 1 and Year 2 - BAU -6,1,1,7,PROJ-00007010,DESIGNSINGAPORE COUNCIL PTE. LTD.,INFRA_OS,Server Engineer L2,
